iter	RMSE
0	0.139314749
1	0.1367369113
2	0.1341843221
3	0.1316780139
4	0.1291903292
5	0.1267938722
6	0.1244669461
7	0.122169836
8	0.119934259
9	0.1177211641
10	0.1155841353
11	0.113505258
12	0.1114590692
13	0.1093792152
14	0.1073509634
15	0.1053931763
16	0.1034469208
17	0.1015424271
18	0.09968370593
19	0.09788294127
20	0.09609424651
21	0.09437738298
22	0.09267026932
23	0.09096580752
24	0.08927026929
25	0.08765868733
26	0.08607598123
27	0.08451470961
28	0.08296242147
29	0.08145360533
30	0.07999400788
31	0.07855354716
32	0.07712574984
33	0.07572474415
34	0.07435650481
35	0.07304297459
36	0.07173197568
37	0.07042800919
38	0.06917374629
39	0.06797837103
40	0.06677527725
41	0.06559139235
42	0.06440175937
43	0.06327093834
44	0.06216006595
45	0.06107574934
46	0.06001050992
47	0.05895981932
48	0.05791919652
49	0.05689492243
50	0.05587977511
51	0.05489374886
52	0.0539471317
53	0.0530008353
54	0.05206660013
55	0.05115794158
56	0.05025595738
57	0.04941641993
58	0.04854637366
59	0.04771901877
60	0.04690159578
61	0.04612078124
62	0.04534444394
63	0.04457207463
64	0.04382670164
65	0.04306409893
66	0.04234241935
67	0.04162094822
68	0.04092910302
69	0.04025307853
70	0.0395791087
71	0.03891223884
72	0.03828917108
73	0.03764250029
74	0.03702140542
75	0.03640662625
76	0.03580714261
77	0.03521076884
78	0.0346284505
79	0.03407028099
80	0.03350003411
81	0.0329574395
82	0.03242529678
83	0.03190166213
84	0.03139907816
85	0.03090186746
86	0.03039024372
87	0.02991474835
88	0.02945686767
89	0.02900119339
90	0.0285372072
91	0.0281077731
92	0.02767823625
93	0.0272625458
94	0.02685797359
95	0.02644731201
96	0.02604478496
97	0.02564751939
98	0.02525487069
99	0.02488861315
100	0.02452693454
101	0.02416542245
102	0.0238231481
103	0.02348242617
104	0.02314454724
105	0.02282019695
106	0.02250150666
107	0.02219503597
108	0.02189061673
109	0.02158904059
110	0.02129481329
111	0.02100625625
112	0.02072066379
113	0.02045118588
114	0.02018769361
115	0.01992365353
116	0.01966296702
117	0.01941382373
118	0.01916585004
119	0.01892639558
120	0.01868029425
121	0.01846001024
122	0.01824188323
123	0.01802184004
124	0.01780943212
125	0.01759163909
126	0.01738840652
127	0.01719245708
128	0.01699076439
129	0.01680431383
130	0.01661032517
131	0.01642594656
132	0.01625050792
133	0.01607465999
134	0.01590872606
135	0.01574054251
136	0.01558027217
137	0.01542526449
138	0.01527466677
139	0.01512779646
140	0.01498525165
141	0.01484300227
142	0.01470323073
143	0.01456629048
144	0.01443132941
145	0.01431293656
146	0.014178746
147	0.01405604119
148	0.01393335128
149	0.01381386799
150	0.01369795129
151	0.0135943988
152	0.01347943139
153	0.01336925057
154	0.01326501341
155	0.01315816794
156	0.0130648286
157	0.01296260897
158	0.01286664826
159	0.0127686277
160	0.0126785638
161	0.01258756703
162	0.01249655517
163	0.01241289413
164	0.01233109825
165	0.01224880176
166	0.01217048715
167	0.01209292083
168	0.01201886238
169	0.01194140321
170	0.01186637219
171	0.01179195707
172	0.01172030309
173	0.01164536193
174	0.01157893291
175	0.01151382569
176	0.01144842163
177	0.0113842887
178	0.01131925948
179	0.01126069998
180	0.01120771525
181	0.01114622596
182	0.01108677812
183	0.01102997861
184	0.01096997603
185	0.01091294364
186	0.01085904933
187	0.01080620067
188	0.01075487367
189	0.01070571699
190	0.01065665865
191	0.01060884889
192	0.0105621022
193	0.01051873642
194	0.01047254367
195	0.01042571586
196	0.01038094183
197	0.01034152137
198	0.01029687411
199	0.01025479878
200	0.01021733856
201	0.01017854957
202	0.01014245676
203	0.01010606169
204	0.01007075562
205	0.01003398545
206	0.01000305105
207	0.009967486349
208	0.009931599651
209	0.00989523405
210	0.009858711097
211	0.009823444662
212	0.009786415162
213	0.009756860291
214	0.009727446143
215	0.009698841232
216	0.009666031026
217	0.009636835057
218	0.009605768553
219	0.009574131949
220	0.009544064847
221	0.009512976947
222	0.009487395399
223	0.009458171868
224	0.009431247078
225	0.009408665301
226	0.009381383024
227	0.009354585407
228	0.00932213637
229	0.009296833658
230	0.009269696248
231	0.009244842099
232	0.00922314899
233	0.009196783281
234	0.009172567895
235	0.009145770653
236	0.009125899129
237	0.009104760726
238	0.009076878414
239	0.009052335707
240	0.00902505516
241	0.00900644691
242	0.008981712674
243	0.00895608906
244	0.008937799936
245	0.008917627383
246	0.008896168567
247	0.008872893748
248	0.008848472521
249	0.008828667353
250	0.008812603765
251	0.008795755549
252	0.008770657199
253	0.008751278155
254	0.00874023929
255	0.008722938527
256	0.008705220612
257	0.008682425954
258	0.00866278997
259	0.008641424846
260	0.008622082173
261	0.008604173837
262	0.008584776916
263	0.008567135903
264	0.008548608381
265	0.008534031921
266	0.008515137417
267	0.008497674602
268	0.008481704369
269	0.008462921785
270	0.008446683435
271	0.008434963956
272	0.00842114806
273	0.008404390625
274	0.008386996694
275	0.008371065958
276	0.008356196813
277	0.008338206087
278	0.008322748705
279	0.008307563021
280	0.008292422708
281	0.00828238722
282	0.008269562933
283	0.008253779474
284	0.008237346634
285	0.008226830156
286	0.008212701531
287	0.008200859961
288	0.008187765725
289	0.008175409585
290	0.008156331835
291	0.008141664889
292	0.008130873698
293	0.008120758578
294	0.008104506641
295	0.008089415092
296	0.008076058136
297	0.008060403002
298	0.008047740202
299	0.00803811788
300	0.008030530106
301	0.008015671032
302	0.00800118094
303	0.007991352116
304	0.007983210242
305	0.007974950359
306	0.007961698589
307	0.007948044814
308	0.007939308561
309	0.007929075919
310	0.00791820083
311	0.007907207121
312	0.00789439464
313	0.007882444446
314	0.007871972761
315	0.007860626178
316	0.007849939987
317	0.007839121153
318	0.007830287417
319	0.007817639751
320	0.007801853155
321	0.007789059414
322	0.007776607039
323	0.007763267632
324	0.00774914394
325	0.00774047445
326	0.007729187359
327	0.00771994174
328	0.007710447164
329	0.007698416683
330	0.007689355503
331	0.007678481038
332	0.007667837385
333	0.00766116443
334	0.007650185647
335	0.007640145243
336	0.007623874414
337	0.007616057129
338	0.007604530757
339	0.007595911037
340	0.007584668964
341	0.007577044021
342	0.007569596043
343	0.007561133548
344	0.007554233937
345	0.007545200503
346	0.007536307995
347	0.007529241113
348	0.007520167898
349	0.00751299337
350	0.007503370791
351	0.007489951413
352	0.007480764905
353	0.007474421162
354	0.007466306208
355	0.007458045354
356	0.007445230947
357	0.007437056643
358	0.007431236643
359	0.007425076212
360	0.007413511399
361	0.007408475398
362	0.007396178976
363	0.007389362421
364	0.007383154112
365	0.007373921309
366	0.007368452112
367	0.007362295238
368	0.007355147591
369	0.007342914231
370	0.007333848601
371	0.007327000827
372	0.007319222298
373	0.007310753532
374	0.007303873453
375	0.007294387485
376	0.007286499632
377	0.007278479613
378	0.007267740467
379	0.007258592842
380	0.007251295804
381	0.007245616459
382	0.007240024822
383	0.007231886763
384	0.00722402467
385	0.007217817247
386	0.007212323518
387	0.007206959823
388	0.007201077773
389	0.007190844523
390	0.007182203504
391	0.0071768598
392	0.007168529395
393	0.007160429415
394	0.007151775822
395	0.007144929889
396	0.007137640002
397	0.007130805733
398	0.007125054156
399	0.007118961565
400	0.007112425404
401	0.007102504706
402	0.007093473992
403	0.007087135414
404	0.007080385229
405	0.007075317259
406	0.00706704664
407	0.007060074073
408	0.007054969952
409	0.007044005995
410	0.007035755711
411	0.007024867447
412	0.007019959382
413	0.007007399991
414	0.006997924476
415	0.006989633874
416	0.006984037705
417	0.006977777472
418	0.006970001135
419	0.006964652929
420	0.006954011033
421	0.006949508418
422	0.006938896623
423	0.006934107968
424	0.00692836487
425	0.006924490295
426	0.006919281301
427	0.006911885392
428	0.006910089736
429	0.006906517856
430	0.006900085309
431	0.006888465636
432	0.006882594302
433	0.006872655818
434	0.006864841517
435	0.006853821442
436	0.006845503355
437	0.006840984133
438	0.006834414685
439	0.006824411836
440	0.006817442364
441	0.006811395833
442	0.006804746629
443	0.006799599049
444	0.006794906785
445	0.006789592251
446	0.006781537352
447	0.006775455691
448	0.006770406546
449	0.006765504459
450	0.006760690739
451	0.006755420649
452	0.006750699296
453	0.006745793671
454	0.006738302922
455	0.006732956935
456	0.006722926457
457	0.006718548627
458	0.006711595244
459	0.006706787614
460	0.006702353771
461	0.00669642397
462	0.006689442713
463	0.006682743499
464	0.006678705573
465	0.006673889706
466	0.00666728862
467	0.006662445025
468	0.006657681063
469	0.006650298762
470	0.00664737062
471	0.006642752116
472	0.006634184561
473	0.00662889687
474	0.006619564605
475	0.006611869678
476	0.006608405519
477	0.006603859674
478	0.006599663615
479	0.006596045452
480	0.006592631263
481	0.006585461697
482	0.006581630714
483	0.006576865389
484	0.006567720908
485	0.006562564869
486	0.006557299432
487	0.006549184899
488	0.006543031129
489	0.006536693967
490	0.006529892433
491	0.006526268085
492	0.006522073848
493	0.006516316775
494	0.00651042202
495	0.006505745001
496	0.006502228744
497	0.006493806398
498	0.006489652096
499	0.00648623011
500	0.006482749396
501	0.006477809524
502	0.006475172068
503	0.006468480027
504	0.006463897002
505	0.006459787298
506	0.006455150523
507	0.00645098427
508	0.006444011145
509	0.006439827687
510	0.006431756582
511	0.006425291032
512	0.006417189474
513	0.006409429404
514	0.006404786357
515	0.006399376913
516	0.006395527328
517	0.006390769217
518	0.006384685808
519	0.006377672399
520	0.006371211599
521	0.00636658181
522	0.006360967003
523	0.006356429926
524	0.006350065382
525	0.006341980745
526	0.006333653729
527	0.006328654902
528	0.00632446223
529	0.006317398336
530	0.006310123996
531	0.006305818284
532	0.006301157077
533	0.006294829553
534	0.006291482698
535	0.006285167745
536	0.006279230193
537	0.006275021507
538	0.006269539237
539	0.006265261759
540	0.006258989302
541	0.006255678767
542	0.006252001161
543	0.00624735608
544	0.006241104823
545	0.006235250558
546	0.006231766267
547	0.006227374444
548	0.006222511879
549	0.006215833077
550	0.00621321594
551	0.006208304509
552	0.006202070725
553	0.00619763332
554	0.006193186418
555	0.006189048262
556	0.006184309813
557	0.0061772836
558	0.00617314026
559	0.006168608239
560	0.006165665173
561	0.006158589365
562	0.006155979161
563	0.006151714733
564	0.006147867311
565	0.006141098679
566	0.006134835271
567	0.006130690719
568	0.006126291613
569	0.006120227082
570	0.006114791577
571	0.006110075402
572	0.006105568697
573	0.006100645681
574	0.006097655903
575	0.006094209016
576	0.006091554123
577	0.006088005558
578	0.006084657316
579	0.006080124337
580	0.006073646108
581	0.006071539398
582	0.006065917808
583	0.006062000275
584	0.00605706969
585	0.006052757165
586	0.006047121082
587	0.006046129429
588	0.006041456143
589	0.006037753553
590	0.006033698948
591	0.006029499794
592	0.006028253667
593	0.00602517965
594	0.006020935578
595	0.00601474497
596	0.006010466536
597	0.006006349859
598	0.006003409024
599	0.005999345925
600	0.005993778999
601	0.00599087682
602	0.005985041099
603	0.005979517939
604	0.005975521074
605	0.005970039604
606	0.005965521995
607	0.00596218715
608	0.005956323015
609	0.005952896947
610	0.005948875415
611	0.005943760737
612	0.005939267185
613	0.005935674745
614	0.005930487965
615	0.0059272724
616	0.005922195741
617	0.005918202888
618	0.005913281863
619	0.005909117931
620	0.005904663002
621	0.005900096178
622	0.005895261158
623	0.005891708942
624	0.005888389061
625	0.005883162274
626	0.005879726526
627	0.005875488347
628	0.005870292875
629	0.005867543676
630	0.005862168386
631	0.005858295209
632	0.005853256706
633	0.005849316995
634	0.005844776763
635	0.005839374785
636	0.005835524405
637	0.005831433449
638	0.00582787389
639	0.005823121188
640	0.005818587669
641	0.005814330581
642	0.005810474931
643	0.005805466713
644	0.005802004772
645	0.005797854409
646	0.005793928466
647	0.005790323357
648	0.00578594389
649	0.005782389025
650	0.005778817721
651	0.005775139431
652	0.005771090608
653	0.005766917097
654	0.00576184752
655	0.005757054741
656	0.005753359985
657	0.005750388738
658	0.005747743582
659	0.005744430085
660	0.005741763132
661	0.005737912029
662	0.005733290562
663	0.005728699543
664	0.005726218815
665	0.005722287703
666	0.005718741207
667	0.005714923973
668	0.005710597625
669	0.005707285064
670	0.005704221227
671	0.005701256419
672	0.00569643667
673	0.005691743556
674	0.005689550261
675	0.005687141349
676	0.005682500869
677	0.005678824807
678	0.005675419925
679	0.005670440191
680	0.005667365384
681	0.005663553268
682	0.005660771798
683	0.005656891248
684	0.005653188472
685	0.00564966947
686	0.005646410706
687	0.005641834857
688	0.005638581568
689	0.005636148423
690	0.005632077464
691	0.0056290847
692	0.005625760392
693	0.005622991952
694	0.005617871642
695	0.005614101704
696	0.005609255778
697	0.005605278695
698	0.005602739463
699	0.005598017335
700	0.005595588678
701	0.005592693395
702	0.005589546663
703	0.005585073539
704	0.00558184994
705	0.00557732816
706	0.005574527591
707	0.005570879639
708	0.005566965158
709	0.005562712941
710	0.005559806287
711	0.005555849213
712	0.005552676161
713	0.005549960226
714	0.005546918847
715	0.005543534091
716	0.005538896643
717	0.005535837988
718	0.005532587977
719	0.005529746026
720	0.005526044671
721	0.005522046686
722	0.005518424378
723	0.0055146621
724	0.005511421076
725	0.005507032325
726	0.005503848368
727	0.005501294971
728	0.005497685077
729	0.005494235661
730	0.005492042422
731	0.00548890541
732	0.00548626225
733	0.005483908092
734	0.00548040534
735	0.005477394477
736	0.005473782765
737	0.005471128623
738	0.005467255262
739	0.005464546132
740	0.005462405971
741	0.005460867543
742	0.005457021614
743	0.005454346715
744	0.005451873854
745	0.005448576945
746	0.005445135464
747	0.005443132897
748	0.005439715351
749	0.005436802431
750	0.005432997887
751	0.00542869325
752	0.005425049634
753	0.005421744313
754	0.005419657789
755	0.005416230265
756	0.005412651963
757	0.005410504755
758	0.005407604119
759	0.005404203555
760	0.005400955224
761	0.005397182856
762	0.00539389099
763	0.005391601918
764	0.005388370212
765	0.005385036939
766	0.005381867447
767	0.005378433509
768	0.005374427276
769	0.005371241189
770	0.005369246036
771	0.005367327569
772	0.005364023246
773	0.005360744807
774	0.005359063203
775	0.005355644424
776	0.005351892236
777	0.005349078651
778	0.005346128817
779	0.005342966498
780	0.005339443756
781	0.005337389681
782	0.005334883119
783	0.005332238572
784	0.005329350051
785	0.005327732709
786	0.005324204446
787	0.005321111986
788	0.005318884759
789	0.005316345207
790	0.005313100023
791	0.00530953582
792	0.005306855695
793	0.00530316574
794	0.005299548583
795	0.005295987547
796	0.005293280808
797	0.005290623953
798	0.005287710941
799	0.005285329666
800	0.005283561917
801	0.005280358579
802	0.005277992838
803	0.005276226002
804	0.005273278936
805	0.005271484829
806	0.005269139623
807	0.005266925922
808	0.005265684346
809	0.005263955734
810	0.00526162933
811	0.005259282823
812	0.005257540335
813	0.005254391481
814	0.005251077429
815	0.005249399755
816	0.005247870314
817	0.005245317058
818	0.005242585448
819	0.005240980979
820	0.005238829444
821	0.005236831481
822	0.005233706388
823	0.00523206078
824	0.005227522759
825	0.005224262112
826	0.005220672015
827	0.005217585989
828	0.005215858557
829	0.005212228664
830	0.005209494209
831	0.005206458504
832	0.005203407984
833	0.005201367234
834	0.005198651837
835	0.005196450147
836	0.005195107173
837	0.005192957976
838	0.005191329518
839	0.005188388003
840	0.005187150289
841	0.005184401934
842	0.005182731101
843	0.005179589596
844	0.005177173413
845	0.005174872076
846	0.005172123669
847	0.005168883118
848	0.005167332595
849	0.005165263713
850	0.005162582216
851	0.00516086858
852	0.005158776631
853	0.005155768587
854	0.005153117556
855	0.005151071518
856	0.00514787412
857	0.00514559935
858	0.005143651954
859	0.00514108923
860	0.005139166979
861	0.005137491066
862	0.005135647548
863	0.005133725332
864	0.005130991119
865	0.005129242683
866	0.005127532997
867	0.005125601988
868	0.005123598913
869	0.005121362917
870	0.005119480297
871	0.005116572958
872	0.005114276058
873	0.005111510699
874	0.005110071326
875	0.00510892578
876	0.005106582321
877	0.005104087076
878	0.00510165061
879	0.005098692472
880	0.005097318424
881	0.005095242247
882	0.005093916715
883	0.005091344133
884	0.005089038884
885	0.005087984634
886	0.005086566573
887	0.005083176393
888	0.005080706298
889	0.00507868626
890	0.005076656916
891	0.005074458051
892	0.005070774314
893	0.005066775721
894	0.005065042656
895	0.005063118942
896	0.00506040948
897	0.005058150774
898	0.005055938408
899	0.005052822644
900	0.005049875439
901	0.005047325026
902	0.005045716598
903	0.005042576038
904	0.005040184329
905	0.005038646852
906	0.005036292247
907	0.005033573445
908	0.005030668317
909	0.005028005612
910	0.005025504262
911	0.005023527123
912	0.005020420275
913	0.005018533496
914	0.005016182869
915	0.005014488708
916	0.005012014916
917	0.005009845868
918	0.005006915531
919	0.005004514375
920	0.005001797184
921	0.00499752647
922	0.004996223464
923	0.004994923332
924	0.004992683766
925	0.004991018523
926	0.004988549549
927	0.004985897286
928	0.004984740149
929	0.004983165711
930	0.004980337363
931	0.004977014712
932	0.004974499152
933	0.004972271972
934	0.004971036317
935	0.004968275098
936	0.004967529055
937	0.004964688856
938	0.004963239189
939	0.004960885337
940	0.004958518967
941	0.004956975528
942	0.004954837694
943	0.004952809826
944	0.004949601659
945	0.004948114641
946	0.004946708122
947	0.004945639307
948	0.004943326562
949	0.004940879423
950	0.004938853656
951	0.004936604602
952	0.00493457042
953	0.004933250344
954	0.004931591065
955	0.004929049761
956	0.004926376603
957	0.004924915783
958	0.004922894569
959	0.004921887416
960	0.004920523384
961	0.004919227162
962	0.004917930673
963	0.004916661661
964	0.004914500271
965	0.00491207647
966	0.004910147533
967	0.004908310044
968	0.004905978992
969	0.004903785058
970	0.004901186842
971	0.004899091887
972	0.004897238707
973	0.00489505944
974	0.004893582767
975	0.004891537592
976	0.004888587539
977	0.0048865247
978	0.004883785379
979	0.004881760124
980	0.004880290157
981	0.004877840446
982	0.004876632865
983	0.004874023335
984	0.004872423964
985	0.004870629994
986	0.004868294298
987	0.004866440549
988	0.00486528451
989	0.004863414538
990	0.004861719637
991	0.004859573226
992	0.004857793948
993	0.004855434127
994	0.004852785836
995	0.004851330057
996	0.004850470953
997	0.00484897069
998	0.004847079098
999	0.004845533657
1000	0.004844493396
1001	0.004842746326
1002	0.004841150216
1003	0.004838070169
1004	0.004836025075
1005	0.00483490257
1006	0.004833750876
1007	0.004832442866
1008	0.004831075023
1009	0.004828412654
1010	0.004826447579
1011	0.004824424866
1012	0.004821969192
1013	0.004819481035
1014	0.00481751449
1015	0.004815557828
1016	0.004812736019
1017	0.00481061333
1018	0.004809138923
1019	0.004806876736
1020	0.004805572047
1021	0.00480460825
1022	0.004802386058
1023	0.004800386808
1024	0.004798502359
1025	0.004795622897
1026	0.004793472179
1027	0.004792022847
1028	0.004790906848
1029	0.004788891845
1030	0.004786737169
1031	0.004784633248
1032	0.004782664698
1033	0.004781770472
1034	0.004780103845
1035	0.004778917784
1036	0.004776038055
1037	0.004774139623
1038	0.004770010139
1039	0.004767495959
1040	0.004765720157
1041	0.00476427893
1042	0.004762134207
1043	0.004758424341
1044	0.004756329492
1045	0.004753951509
1046	0.004753010186
1047	0.004750840739
1048	0.004749509672
1049	0.00474858811
1050	0.004746891192
1051	0.00474529343
1052	0.00474138865
1053	0.004739500973
1054	0.00473785258
1055	0.004736386776
1056	0.004732435048
1057	0.004730027463
1058	0.004728233591
1059	0.004726780088
1060	0.004725644601
1061	0.004723937107
1062	0.004721713179
1063	0.004719411551
1064	0.004717345708
1065	0.004715938105
1066	0.004714622584
1067	0.004713617697
1068	0.004711742396
1069	0.004710346402
1070	0.004708453496
1071	0.004707746875
1072	0.004704113815
1073	0.004702171451
1074	0.004700804472
1075	0.004697110738
1076	0.00469484601
1077	0.004692843205
1078	0.004691112406
1079	0.004689169657
1080	0.004687830789
1081	0.004686009845
1082	0.004684231634
1083	0.004681600922
1084	0.004680503161
1085	0.00467866944
1086	0.004676811977
1087	0.004673660085
1088	0.004672022252
1089	0.00466843141
1090	0.004667693607
1091	0.004666415032
1092	0.004662144719
1093	0.004660294174
1094	0.004658706287
1095	0.004656751215
1096	0.004655503708
1097	0.004654271173
1098	0.004653497561
1099	0.004651858504
1100	0.004649305951
1101	0.004647544096
1102	0.004646547822
1103	0.004645710087
1104	0.004643717423
1105	0.00464186806
1106	0.004640029288
1107	0.004638967671
1108	0.00463709635
1109	0.004635650768
1110	0.004633018431
1111	0.004632133284
1112	0.004627987247
1113	0.004626913419
1114	0.004626061455
1115	0.00462436667
1116	0.004622126265
1117	0.0046206723
1118	0.004619564691
1119	0.004616955283
1120	0.004615115971
1121	0.004613529586
1122	0.004612036977
1123	0.004611220262
1124	0.004609111738
1125	0.00460681813
1126	0.004605757024
1127	0.004604219899
1128	0.004603111273
1129	0.004601410018
1130	0.004599968028
1131	0.004597511722
1132	0.004596420991
1133	0.004593437775
1134	0.004590679374
1135	0.004589146023
1136	0.004587408476
1137	0.004585817847
1138	0.004583368055
1139	0.004580343381
1140	0.00457967766
1141	0.004577396548
1142	0.004575907232
1143	0.00457352506
1144	0.004571910441
1145	0.004570233243
1146	0.004568546215
1147	0.004566681627
1148	0.004565781192
1149	0.004564532234
1150	0.004562183962
1151	0.004561175849
1152	0.004558724058
1153	0.004556929424
1154	0.004555454433
1155	0.004554505317
1156	0.004552611377
1157	0.004550371347
1158	0.004549391725
1159	0.004548685517
1160	0.004546279946
1161	0.004542041765
1162	0.004540176562
1163	0.004537937087
1164	0.004536421719
1165	0.004534367224
1166	0.004532655365
1167	0.004531441352
1168	0.00452964525
1169	0.004526254857
1170	0.004524102915
1171	0.004522783497
1172	0.004521332215
1173	0.004520340837
1174	0.004519120114
1175	0.004516413187
1176	0.004515413898
1177	0.004514593217
1178	0.004513054338
1179	0.004511614646
1180	0.004509157947
1181	0.00450686181
1182	0.004505913726
1183	0.004504419072
1184	0.004502568353
1185	0.004500966412
1186	0.004499133996
1187	0.00449836136
1188	0.004496814107
1189	0.004495424004
1190	0.004493398973
1191	0.004491892958
1192	0.004489651361
1193	0.004488196706
1194	0.004485129545
1195	0.004483754788
1196	0.004482110715
1197	0.00448062812
1198	0.004479855591
1199	0.004476875422
1200	0.004474915589
1201	0.004473419552
1202	0.004471597501
1203	0.004470154804
1204	0.004468861371
1205	0.004467446668
1206	0.00446526096
1207	0.004464217836
1208	0.004463318468
1209	0.004461985582
1210	0.004460538207
1211	0.004458303392
1212	0.004456570909
1213	0.00445538118
1214	0.00445450749
1215	0.004452993025
1216	0.004450903453
1217	0.004449081519
1218	0.004447909184
1219	0.00444596738
1220	0.00444415077
1221	0.00444309609
1222	0.004442353197
1223	0.004441035628
1224	0.004439678881
1225	0.004437406683
1226	0.004435038904
1227	0.004433186556
1228	0.004431735766
1229	0.004430984889
1230	0.004429248979
1231	0.004427913566
1232	0.004426407623
1233	0.004425604678
1234	0.004423995271
1235	0.004423010593
1236	0.004421715746
1237	0.004418933759
1238	0.004416714966
1239	0.004413763541
1240	0.004412335674
1241	0.004411107286
1242	0.004409594157
1243	0.00440758357
1244	0.004405986459
1245	0.004404701296
1246	0.004403318233
1247	0.004400348617
1248	0.00439920275
1249	0.004398360546
1250	0.004396975056
1251	0.00439481713
1252	0.004393438794
1253	0.00439250798
1254	0.004390734349
1255	0.004389456912
1256	0.004387577397
1257	0.004386272504
1258	0.004385323199
1259	0.004383830851
1260	0.004382185055
1261	0.004380933417
1262	0.00437947211
1263	0.004377609467
1264	0.004376702005
1265	0.004375062977
1266	0.004372239191
1267	0.004371072984
1268	0.004370209843
1269	0.004368948971
1270	0.004366222525
1271	0.004365532019
1272	0.004364231759
1273	0.004363626728
1274	0.00436271171
1275	0.004361344281
1276	0.004359156202
1277	0.004357625641
1278	0.004355891452
1279	0.004354571587
1280	0.004352472908
1281	0.004351182174
1282	0.004349525224
1283	0.004348742576
1284	0.004347290765
1285	0.004346115329
1286	0.004345174104
1287	0.004344163041
1288	0.004343490552
1289	0.004341707902
1290	0.00434056083
1291	0.004338161547
1292	0.004336807994
1293	0.004335854114
1294	0.00433466759
1295	0.004333804185
1296	0.004333014127
1297	0.004332408734
1298	0.004331328842
1299	0.004329481062
1300	0.004327349518
1301	0.00432529398
1302	0.004323953476
1303	0.004322589764
1304	0.004321117915
1305	0.00432047148
1306	0.00431913989
1307	0.004317869837
1308	0.004317021582
1309	0.004315349085
1310	0.004314419809
1311	0.00431294292
1312	0.004310887725
1313	0.004309656628
1314	0.004308260123
1315	0.004307082833
1316	0.004304745102
1317	0.004304044959
1318	0.004302699638
1319	0.004301326945
1320	0.004299727959
1321	0.004297351391
1322	0.004295350557
1323	0.004294087891
1324	0.00429290384
1325	0.004291630193
1326	0.004290674341
1327	0.004289660256
1328	0.004288889892
1329	0.004287190085
1330	0.004284906406
1331	0.004281442467
1332	0.004279449326
1333	0.004278394526
1334	0.004276789491
1335	0.004275850201
1336	0.004275256777
1337	0.00427399683
1338	0.004272752086
1339	0.004270156982
1340	0.004268658435
1341	0.004267389071
1342	0.004264965242
1343	0.004263994494
1344	0.004262932014
1345	0.004261239281
1346	0.004259310102
1347	0.004258516097
1348	0.004257053127
1349	0.004255412611
1350	0.004254137624
1351	0.004252855875
1352	0.004252143172
1353	0.00425113918
1354	0.004249959896
1355	0.004248988653
1356	0.004247769719
1357	0.004246945255
1358	0.004245373758
1359	0.004244206325
1360	0.00424329201
1361	0.004241511085
1362	0.004240443142
1363	0.004238188057
1364	0.004237269762
1365	0.004236561074
1366	0.004234276914
1367	0.004232923805
1368	0.004232284933
1369	0.004230379417
1370	0.004229334764
1371	0.00422795019
1372	0.004225097686
1373	0.004223950062
1374	0.004221462775
1375	0.004219888616
1376	0.004218779245
1377	0.004216354105
1378	0.004215193936
1379	0.004214178185
1380	0.004213371964
1381	0.004212583828
1382	0.004211399458
1383	0.004210435727
1384	0.00420858099
1385	0.004207448191
1386	0.004206891535
1387	0.004206101177
1388	0.004204521445
1389	0.00420237634
1390	0.004200899549
1391	0.004200111123
1392	0.004199365095
1393	0.004198679069
1394	0.004197870006
1395	0.004197394481
1396	0.004195482637
1397	0.004194345576
1398	0.004193084023
1399	0.004191792001
1400	0.004190994542
1401	0.004189867263
1402	0.004188148594
1403	0.004186989592
1404	0.004186223521
1405	0.004185223659
1406	0.004181698229
1407	0.004180506533
1408	0.00417905271
1409	0.004176410295
1410	0.004175817248
1411	0.004175110781
1412	0.004173367809
1413	0.004172711344
1414	0.004171774535
1415	0.004170841703
1416	0.004170156208
1417	0.004167977364
1418	0.004165884972
1419	0.004165217148
1420	0.004163916222
1421	0.004163160576
1422	0.004162016319
1423	0.004161383393
1424	0.00416045215
1425	0.004159301529
1426	0.004157102282
1427	0.004156118158
1428	0.004155270894
1429	0.004154605299
1430	0.004153805281
1431	0.004152482107
1432	0.00415127722
1433	0.004150114606
1434	0.004149513614
1435	0.004148770336
1436	0.004146590528
1437	0.004145416947
1438	0.004144279243
1439	0.004143638283
1440	0.004143061961
1441	0.004142423929
1442	0.004141249876
1443	0.004140022862
1444	0.004138342809
1445	0.004137259242
1446	0.0041354016
1447	0.00413361998
1448	0.004132571143
1449	0.004131949389
1450	0.004130780197
1451	0.004129557956
1452	0.004128572366
1453	0.004128069149
1454	0.004126035924
1455	0.004123921497
1456	0.004122350165
1457	0.004121235183
1458	0.004120070144
1459	0.004118385972
1460	0.004117769431
1461	0.004116731681
1462	0.004115633202
1463	0.00411463584
1464	0.004113662449
1465	0.004112593117
1466	0.004111784737
1467	0.00411027508
1468	0.004109333095
1469	0.004108323232
1470	0.004107231016
1471	0.004106087249
1472	0.004105216662
1473	0.004104245128
1474	0.004103279651
1475	0.004101649063
1476	0.004100014227
1477	0.004099274741
1478	0.004098430184
1479	0.004097452309
1480	0.0040948878
1481	0.004093884706
1482	0.004092910555
1483	0.004091724445
1484	0.00409082761
1485	0.004088462414
1486	0.00408776159
1487	0.004086751575
1488	0.004086145701
1489	0.004084981983
1490	0.00408353384
1491	0.004082449044
1492	0.004081763336
1493	0.00408111635
1494	0.004079610659
1495	0.004078638344
1496	0.004077422354
1497	0.004076512776
1498	0.004075768013
1499	0.004074942923
1500	0.004073849133
1501	0.004072640639
1502	0.004071910042
1503	0.004070843172
1504	0.004069572886
1505	0.004068667019
1506	0.004066673396
1507	0.004066142071
1508	0.004064344751
1509	0.004063169699
1510	0.004062633683
1511	0.00406200044
1512	0.004060883676
1513	0.004059319124
1514	0.004058613748
1515	0.004057904629
1516	0.004056946579
1517	0.004054652287
1518	0.004054033995
1519	0.004051744032
1520	0.004050809635
1521	0.004049557827
1522	0.00404851178
1523	0.004046448808
1524	0.004045606973
1525	0.004043945903
1526	0.004041951523
1527	0.004039934027
1528	0.004037877266
1529	0.00403696933
1530	0.004035129354
1531	0.004034529937
1532	0.004033665343
1533	0.004032493267
1534	0.00403099308
1535	0.004029192773
1536	0.004027865255
1537	0.004025668671
1538	0.004025115656
1539	0.004024114146
1540	0.004022448915
1541	0.004021168836
1542	0.004019932616
1543	0.004018434981
1544	0.00401758273
1545	0.004016215056
1546	0.004015617465
1547	0.004014919943
1548	0.004013280368
1549	0.004011429085
1550	0.004010463317
1551	0.004008841642
1552	0.004008078756
1553	0.004006258083
1554	0.004005835171
1555	0.004004247775
1556	0.00400385936
1557	0.004001978833
1558	0.004001150695
1559	0.003999125583
1560	0.003998509555
1561	0.003998095633
1562	0.003996999544
1563	0.003995152446
1564	0.003994251767
1565	0.003992457636
1566	0.003990898144
1567	0.003989889519
1568	0.003988341745
1569	0.003987788911
1570	0.003986472272
1571	0.003985618812
1572	0.003984804941
1573	0.003983293147
1574	0.003981178073
1575	0.003979985502
1576	0.003977858156
1577	0.003975436693
1578	0.003974457335
1579	0.003973582661
1580	0.003973094095
1581	0.00397190152
1582	0.003971063006
1583	0.003969868046
1584	0.003968263342
1585	0.003966316756
1586	0.003965808918
1587	0.003964925564
1588	0.003964342972
1589	0.003963680446
1590	0.003962823788
1591	0.003961574833
1592	0.003959742345
1593	0.003958385903
1594	0.003957842187
1595	0.003956855547
1596	0.003955445163
1597	0.003954082449
1598	0.003953704971
1599	0.00395291335
1600	0.003950962613
1601	0.003949587779
1602	0.003949064505
1603	0.003948370318
1604	0.003946471762
1605	0.003945451876
1606	0.003943132809
1607	0.003942157185
1608	0.003940125783
1609	0.003938631555
1610	0.003937285722
1611	0.0039362593
1612	0.003935112225
1613	0.003933915642
1614	0.003932975989
1615	0.003931791139
1616	0.003930092324
1617	0.003929272059
1618	0.003927732206
1619	0.003926737412
1620	0.003925866388
1621	0.00392495953
1622	0.003923819239
1623	0.003923067344
1624	0.003921526666
1625	0.003920914266
1626	0.003919415361
1627	0.003917875307
1628	0.003916906158
1629	0.003914718798
1630	0.00391322757
1631	0.00391100373
1632	0.003909891327
1633	0.003909231272
1634	0.003907711041
1635	0.003906580816
1636	0.003905554003
1637	0.003904531484
1638	0.003904139579
1639	0.003903060982
1640	0.003900997408
1641	0.003899782901
1642	0.003898808842
1643	0.003898036071
1644	0.003897049142
1645	0.003896335701
1646	0.003894258313
1647	0.003892280868
1648	0.003890935063
1649	0.003890132182
1650	0.003889481082
1651	0.003887966542
1652	0.003887338539
1653	0.003886363539
1654	0.003885754715
1655	0.003885007886
1656	0.003883540274
1657	0.003882106066
1658	0.003881384574
1659	0.003880707329
1660	0.003880335968
1661	0.003878926363
1662	0.00387801847
1663	0.003876360854
1664	0.003875814472
1665	0.003874091388
1666	0.00387363725
1667	0.003872231999
1668	0.003871396297
1669	0.00387082958
1670	0.003869550331
1671	0.003867864745
1672	0.003866996195
1673	0.003866478166
1674	0.003865657617
1675	0.003863504184
1676	0.003862795359
1677	0.003861073808
1678	0.003859170329
1679	0.003857323002
1680	0.003855934225
1681	0.003854813949
1682	0.003854159441
1683	0.003853085361
1684	0.003852659246
1685	0.003851257853
1686	0.00384951574
1687	0.003848148763
1688	0.003847197311
1689	0.003846276916
1690	0.003845177834
1691	0.003843456465
1692	0.003842856496
1693	0.003841841025
1694	0.003841202458
1695	0.003840595658
1696	0.003839746277
1697	0.003839161971
1698	0.003837009845
1699	0.003835454956
1700	0.003834975
1701	0.00383437799
1702	0.003833537435
1703	0.003832826975
1704	0.003832302138
1705	0.003830414046
1706	0.003829417918
1707	0.00382865487
1708	0.003827693853
1709	0.003826560675
1710	0.003825620784
1711	0.00382503518
1712	0.003824473692
1713	0.003823516581
1714	0.003822959394
1715	0.0038214762
1716	0.003820650281
1717	0.003819140485
1718	0.003817104413
1719	0.003816306513
1720	0.003815570304
1721	0.003814710534
1722	0.003813926952
1723	0.003812394726
1724	0.003811514852
1725	0.003811185355
1726	0.003810547351
1727	0.003809057023
1728	0.003808241957
1729	0.003806559814
1730	0.00380470249
1731	0.003803888842
1732	0.003802574028
1733	0.003802214936
1734	0.003800120407
1735	0.003799110724
1736	0.003798402458
1737	0.003797438695
1738	0.003796547283
1739	0.003795983016
1740	0.003794896626
1741	0.003793401605
1742	0.003792112737
1743	0.003791494279
1744	0.00379066612
1745	0.003789740526
1746	0.003788730795
1747	0.003786483568
1748	0.00378610621
1749	0.003785199435
1750	0.003783945105
1751	0.003782794747
1752	0.003780929199
1753	0.003779262171
1754	0.003778715414
1755	0.003777071935
1756	0.003775957177
1757	0.003775256802
1758	0.003773964924
1759	0.003773377822
1760	0.003771454385
1761	0.0037704174
1762	0.003768753278
1763	0.003768366048
1764	0.003767455575
1765	0.003765573877
1766	0.003763663258
1767	0.003763247262
1768	0.003762551574
1769	0.003761295159
1770	0.003759496712
1771	0.003758077261
1772	0.003757020476
1773	0.003755363285
1774	0.003754490398
1775	0.003754163857
1776	0.003753576808
1777	0.00375219427
1778	0.003750509685
1779	0.003749861494
1780	0.003748089972
1781	0.003746796892
1782	0.003745001665
1783	0.003744437035
1784	0.003743831624
1785	0.003743327815
1786	0.003742528104
1787	0.003740769958
1788	0.003740092904
1789	0.003738735602
1790	0.003736857029
1791	0.003735701803
1792	0.003734753382
1793	0.003733454509
1794	0.003731808717
1795	0.003730610707
1796	0.003729020572
1797	0.003727685076
1798	0.003726385238
1799	0.00372547186
1800	0.003723974449
1801	0.003723324033
1802	0.003721592515
1803	0.003720836576
1804	0.003720116959
1805	0.003718958271
1806	0.003717795392
1807	0.00371708817
1808	0.003716606393
1809	0.003715298051
1810	0.003714073308
1811	0.003712902303
1812	0.003710630382
1813	0.00370986048
1814	0.003709075268
1815	0.00370815447
1816	0.003707431284
1817	0.003705751282
1818	0.003704593141
1819	0.003703995594
1820	0.003702285262
1821	0.00370187467
1822	0.003701567449
1823	0.003700729044
1824	0.003699043183
1825	0.003697758569
1826	0.003696513959
1827	0.003695785468
1828	0.003695022738
1829	0.003694243432
1830	0.003693796526
1831	0.003692722303
1832	0.003691967457
1833	0.003690773559
1834	0.003688845776
1835	0.003688151547
1836	0.00368663595
1837	0.003685900935
1838	0.003685183795
1839	0.00368431875
1840	0.003683743952
1841	0.003682517514
1842	0.003681968131
1843	0.003681154415
1844	0.003680597689
1845	0.003680242228
1846	0.003679747043
1847	0.003678763031
1848	0.003678093366
1849	0.003677420907
1850	0.003676873828
1851	0.003676139767
1852	0.003674765878
1853	0.003673456417
1854	0.003672737762
1855	0.00367185935
1856	0.003670754415
1857	0.003669206513
1858	0.003667882338
1859	0.003666889444
1860	0.003666034595
1861	0.003664976029
1862	0.003664169686
1863	0.003662951288
1864	0.003661961872
1865	0.003661023325
1866	0.003660064802
1867	0.003659483553
1868	0.003658189049
1869	0.003657498145
1870	0.003657013415
1871	0.003655689079
1872	0.003655321952
1873	0.003654875349
1874	0.003653871393
1875	0.00365364982
1876	0.003652268129
1877	0.003651351208
1878	0.003650679673
1879	0.003649935449
1880	0.003648720055
1881	0.003647363149
1882	0.003645822582
1883	0.003644726348
1884	0.003643678455
1885	0.003643198617
1886	0.003642182946
1887	0.003640160645
1888	0.003639512963
1889	0.003638707169
1890	0.003638006006
1891	0.003637559926
1892	0.003636832586
1893	0.003636013549
1894	0.00363473699
1895	0.003632469922
1896	0.003630514624
1897	0.003629940206
1898	0.003628419226
1899	0.003627934463
1900	0.003626708408
1901	0.003626063563
1902	0.003625630772
1903	0.003624787508
1904	0.003622903085
1905	0.003622286095
1906	0.003621680159
1907	0.003620637253
1908	0.003618749655
1909	0.003617881949
1910	0.003617687108
1911	0.003616537858
1912	0.003615937834
1913	0.003614055299
1914	0.00361328357
1915	0.003612483519
1916	0.003612017329
1917	0.003610737082
1918	0.003609999719
1919	0.003608175301
1920	0.003606789233
1921	0.003605257435
1922	0.003604952111
1923	0.003604159174
1924	0.003603513
1925	0.003602782511
1926	0.003601745795
1927	0.003600655294
1928	0.003598795426
1929	0.003598169484
1930	0.003597539439
1931	0.003595725182
1932	0.003595301375
1933	0.00359464112
1934	0.003594186282
1935	0.0035937502
1936	0.003591950596
1937	0.003591335208
1938	0.00358993875
1939	0.003589636922
1940	0.003588144382
1941	0.003587437358
1942	0.003586982597
1943	0.003584999647
1944	0.003583162044
1945	0.003581613999
1946	0.003581159614
1947	0.003579702174
1948	0.003578452763
1949	0.003577392256
1950	0.003576678752
1951	0.003575989616
1952	0.003575355799
1953	0.003574613024
1954	0.003573799955
1955	0.00357311297
1956	0.003571226675
1957	0.00357029867
1958	0.003569947758
1959	0.003569457618
1960	0.00356825641
1961	0.003567307358
1962	0.003566765388
1963	0.003566526382
1964	0.003565274867
1965	0.003563573904
1966	0.00356169072
1967	0.003560911623
1968	0.003560016437
1969	0.003559330271
1970	0.003558853871
1971	0.003557559458
1972	0.003557105762
1973	0.003556092375
1974	0.003555197617
1975	0.003553640487
1976	0.00355317171
1977	0.003552573716
1978	0.003552073624
1979	0.003551336082
1980	0.0035506569
1981	0.003548906922
1982	0.003548110041
1983	0.003547397336
1984	0.003545870364
1985	0.003545040518
1986	0.00354462919
1987	0.00354436145
1988	0.00354400431
1989	0.003543341644
1990	0.003542182119
1991	0.003541746757
1992	0.003541388233
1993	0.003538400943
1994	0.003536923644
1995	0.003535134404
1996	0.003534650008
1997	0.003533759992
1998	0.003533026216
1999	0.003531537356
2000	0.003529533254
2001	0.003528518721
2002	0.003527618264
2003	0.003526528422
2004	0.00352533661
2005	0.003524624937
2006	0.003524219423
2007	0.003522286003
2008	0.00352133419
2009	0.003519754803
2010	0.003518788658
2011	0.003517948713
2012	0.003516780424
2013	0.003516101226
2014	0.003514643881
2015	0.003513162698
2016	0.003512419428
2017	0.00351197539
2018	0.003511380499
2019	0.003510730199
2020	0.003510280776
2021	0.003509970076
2022	0.003508922425
2023	0.003507432457
2024	0.00350621906
2025	0.003505853878
2026	0.003504767532
2027	0.003503808052
2028	0.003502756474
2029	0.003501667567
2030	0.003501115882
2031	0.003499509971
2032	0.003498954594
2033	0.003498252347
2034	0.003496941761
2035	0.00349525218
2036	0.003493817408
2037	0.003493188754
2038	0.003491599967
2039	0.003490875024
2040	0.0034900472
2041	0.003489687521
2042	0.003489244044
2043	0.003487632085
2044	0.003485881001
2045	0.003485343363
2046	0.003483706434
2047	0.003483187059
2048	0.003481965992
2049	0.003480850151
2050	0.003480408046
2051	0.003479693387
2052	0.003478924712
2053	0.00347838679
2054	0.003477865928
2055	0.003476750248
2056	0.003475985236
2057	0.003473998359
2058	0.003472948263
2059	0.003472614654
2060	0.003470907436
2061	0.003470278142
2062	0.00346877568
2063	0.003468238219
2064	0.003467754265
2065	0.003466444436
2066	0.003465833876
2067	0.0034654974
2068	0.003465022806
2069	0.003463906171
2070	0.003463229439
2071	0.003462383358
2072	0.00346093541
2073	0.003460271227
2074	0.003459257324
2075	0.003458318436
2076	0.003457543132
2077	0.003456795232
2078	0.003456350977
2079	0.003455696863
2080	0.003455114947
2081	0.003453853943
2082	0.003452328718
2083	0.003452004833
2084	0.00345137913
2085	0.003450702715
2086	0.003449834739
2087	0.003448851177
2088	0.003447958716
2089	0.003446848023
2090	0.00344636927
2091	0.003444853344
2092	0.003443833993
2093	0.003442355359
2094	0.00344139965
2095	0.003440096404
2096	0.003438414665
2097	0.003438025666
2098	0.00343764745
2099	0.003437301149
2100	0.003436717486
2101	0.003436060227
2102	0.003435172464
2103	0.003434558844
2104	0.003433924006
2105	0.003433202007
2106	0.00343258363
2107	0.003430942401
2108	0.003430017755
2109	0.003428817815
2110	0.003428239331
2111	0.003427879175
2112	0.003427537941
2113	0.003427031778
2114	0.003426065151
2115	0.003424986161
2116	0.003424533643
2117	0.003422691589
2118	0.003421937556
2119	0.003421707828
2120	0.003421323431
2121	0.003419886383
2122	0.003419236448
2123	0.003418877808
2124	0.003417954829
2125	0.003416584766
2126	0.003416171322
2127	0.003414756321
2128	0.003414412237
2129	0.003412698605
2130	0.003412363815
2131	0.003411274643
2132	0.003409417715
2133	0.003409048488
2134	0.003408334773
2135	0.003407815652
2136	0.003407462781
2137	0.003406618733
2138	0.003405470877
2139	0.003404623448
2140	0.003403554514
2141	0.003402900986
2142	0.003402146141
2143	0.003401596612
2144	0.003400101821
2145	0.003398321314
2146	0.003397792573
2147	0.003396324876
2148	0.003395711793
2149	0.00339456174
2150	0.003394024522
2151	0.003393383905
2152	0.003392562589
2153	0.003390879447
2154	0.003390015228
2155	0.003389546444
2156	0.003388440314
2157	0.003387190213
2158	0.003386097069
2159	0.003385405416
2160	0.003384436409
2161	0.003383849981
2162	0.003383306489
2163	0.003382592355
2164	0.003380958708
2165	0.003379991307
2166	0.003379244721
2167	0.003378166405
2168	0.003377574614
2169	0.003377390657
2170	0.003376092819
2171	0.003374872231
2172	0.003374551023
2173	0.003373673697
2174	0.003372979245
2175	0.003372204762
2176	0.003371935087
2177	0.003371602754
2178	0.003370857249
2179	0.003370175368
2180	0.003369780579
2181	0.003369337596
2182	0.003368387349
2183	0.003367860607
2184	0.003366827737
2185	0.003366529189
2186	0.003365640966
2187	0.003365104277
2188	0.00336476796
2189	0.003364367751
2190	0.003363455555
2191	0.003362957425
2192	0.003362082438
2193	0.003361423381
2194	0.00336095622
2195	0.003360534442
2196	0.00335973133
2197	0.003359190123
2198	0.003358051426
2199	0.003356662009
2200	0.003356063017
2201	0.003355022411
2202	0.003354337444
2203	0.003353865749
2204	0.003352692329
2205	0.003352288652
2206	0.003351974777
2207	0.003351290611
2208	0.003350995157
2209	0.003350676974
2210	0.003349934142
2211	0.003349480613
2212	0.00334856145
2213	0.003347424155
2214	0.003346563562
2215	0.003345967799
2216	0.00334541753
2217	0.003344451103
2218	0.00334384062
2219	0.003343185756
2220	0.003342846053
2221	0.003342015861
2222	0.003341189479
2223	0.003340672339
2224	0.003340374448
2225	0.003340070034
2226	0.003339059172
2227	0.00333874743
2228	0.003337862349
2229	0.003337593781
2230	0.003336019422
2231	0.003335530737
2232	0.003334721751
2233	0.003333292183
2234	0.00333263413
2235	0.003331824671
2236	0.00333157183
2237	0.003330734044
2238	0.003330423581
2239	0.003329520797
2240	0.003329083028
2241	0.003328078829
2242	0.003327734906
2243	0.003327223867
2244	0.003326614782
2245	0.003326059951
2246	0.003325562882
2247	0.003325282793
2248	0.003324890071
2249	0.003324048481
2250	0.003323222148
2251	0.003322321608
2252	0.003321929505
2253	0.003321014397
2254	0.003320428746
2255	0.003319905942
2256	0.003318505721
2257	0.00331827491
2258	0.003316694719
2259	0.003314450095
2260	0.003313283062
2261	0.003312020564
2262	0.003310654858
2263	0.003309658734
2264	0.003309399481
2265	0.00330890173
2266	0.003308132802
2267	0.003307450376
2268	0.003306530546
2269	0.003305774538
2270	0.00330513091
2271	0.00330413345
2272	0.003303636331
2273	0.003303488113
2274	0.003303228004
2275	0.0033017742
2276	0.003300453006
2277	0.003299572043
2278	0.0032984566
2279	0.00329785494
2280	0.003296946526
2281	0.003295713138
2282	0.003294555583
2283	0.003293498778
2284	0.003292843851
2285	0.003291686951
2286	0.003291057741
2287	0.003290754896
2288	0.003290508874
2289	0.003290147843
2290	0.003288451704
2291	0.003287326515
2292	0.00328677494
2293	0.003285475656
2294	0.003285033146
2295	0.003284766832
2296	0.003284345281
2297	0.003283646523
2298	0.0032828353
2299	0.00328246841
2300	0.003282265081
2301	0.003281819369
2302	0.003281408157
2303	0.003280842485
2304	0.003280578293
2305	0.003279332743
2306	0.003278786337
2307	0.003278232091
2308	0.003277132042
2309	0.003276789589
2310	0.003276359755
2311	0.003275539504
2312	0.003274909735
2313	0.003272935061
2314	0.003272353464
2315	0.003271067538
2316	0.003270379501
2317	0.0032689601
2318	0.003268503104
2319	0.00326824696
2320	0.003267122328
2321	0.003266246961
2322	0.003265430118
2323	0.003263964668
2324	0.003263333955
2325	0.003262968433
2326	0.003261658374
2327	0.003260795189
2328	0.003259938319
2329	0.003258662084
2330	0.003256952659
2331	0.003256322035
2332	0.003255832419
2333	0.003254989899
2334	0.003254283275
2335	0.003253474765
2336	0.003252834227
2337	0.003252151117
2338	0.003250780211
2339	0.003249429397
2340	0.003249075437
2341	0.003248415127
2342	0.003247449478
2343	0.003247149435
2344	0.003246529921
2345	0.003245757505
2346	0.003245487924
2347	0.003244906475
2348	0.003243764968
2349	0.003243221098
2350	0.003242351782
2351	0.003241717237
2352	0.003241101585
2353	0.003240610572
2354	0.003239338416
2355	0.003238578542
2356	0.003237796157
2357	0.003237435129
2358	0.003236789686
2359	0.003235691418
2360	0.003235064592
2361	0.003234746024
2362	0.003234053545
2363	0.003233540467
2364	0.003233140951
2365	0.003232551046
2366	0.003232121789
2367	0.003231212664
2368	0.003230612449
2369	0.003229413711
2370	0.003229030841
2371	0.003227829465
2372	0.003226702282
2373	0.003225865311
2374	0.003225069665
2375	0.003224027137
2376	0.003223248967
2377	0.003222610084
2378	0.003221883021
2379	0.003221605266
2380	0.003221287236
2381	0.003220945393
2382	0.003220219328
2383	0.003219219863
2384	0.00321886745
2385	0.003218610678
2386	0.003218063156
2387	0.003216967801
2388	0.00321669448
2389	0.003216138383
2390	0.003214990006
2391	0.003213768736
2392	0.003213430417
2393	0.003213203763
2394	0.003211858765
2395	0.003210610561
2396	0.003210209932
2397	0.003209639165
2398	0.003207507106
2399	0.003207085896
2400	0.003206255434
2401	0.003205511151
2402	0.003204852129
2403	0.003203945883
2404	0.003203030628
2405	0.003201951976
2406	0.003201442605
2407	0.003201158254
2408	0.00320069051
2409	0.00319963371
2410	0.003199038544
2411	0.003198801214
2412	0.003198008439
2413	0.003197573991
2414	0.003195971405
2415	0.003195648741
2416	0.003194789466
2417	0.003193474463
2418	0.003192845057
2419	0.003192239619
2420	0.003190940692
2421	0.003190359458
2422	0.003189956543
2423	0.003189057864
2424	0.003188700823
2425	0.003188190575
2426	0.003187857414
2427	0.003186834033
2428	0.003186556214
2429	0.003186147008
2430	0.003185290193
2431	0.003184667021
2432	0.003184347904
2433	0.003183390471
2434	0.003182994742
2435	0.003181861604
2436	0.003181220277
2437	0.003180686051
2438	0.003180130716
2439	0.003179256976
2440	0.003178620828
2441	0.003178185358
2442	0.003177447067
2443	0.003177087097
2444	0.003175663131
2445	0.003174826315
2446	0.003173972498
2447	0.003173281903
2448	0.003172947966
2449	0.003172211251
2450	0.003171643556
2451	0.003171254787
2452	0.003170436706
2453	0.003170064238
2454	0.003169791757
2455	0.003169324085
2456	0.003168762639
2457	0.003168241262
2458	0.003167710327
2459	0.003167235345
2460	0.003166898522
2461	0.003166253712
2462	0.003165959107
2463	0.003165627088
2464	0.00316510001
2465	0.003164804933
2466	0.003164228831
2467	0.003163619415
2468	0.003162905343
2469	0.003162502787
2470	0.003162043257
2471	0.003161460721
2472	0.003160891632
2473	0.003160246044
2474	0.003159311647
2475	0.003158820392
2476	0.003157935432
2477	0.003157490045
2478	0.003156811317
2479	0.003156273853
2480	0.003155890852
2481	0.003155344649
2482	0.003154937077
2483	0.00315463997
2484	0.003153987204
2485	0.003153690914
2486	0.00315290723
2487	0.003152546403
2488	0.003152014761
2489	0.003151873324
2490	0.003151613556
2491	0.003151247129
2492	0.003150987523
2493	0.003150086796
2494	0.003149339559
2495	0.003148604054
2496	0.003148072182
2497	0.003147614976
2498	0.003147077581
2499	0.003146376798
2500	0.003145773336
2501	0.003145550744
2502	0.003145099772
2503	0.003144791005
2504	0.003144355061
2505	0.003144146961
2506	0.003143510562
2507	0.003143025715
2508	0.00314248369
2509	0.00314173381
2510	0.003141392915
2511	0.003140837498
2512	0.003140226262
2513	0.003139737514
2514	0.003139023808
2515	0.003138585784
2516	0.003138121261
2517	0.003137559656
2518	0.003136863127
2519	0.003136382976
2520	0.003136276365
2521	0.003135844374
2522	0.003134991727
2523	0.003134537129
2524	0.003133319296
2525	0.003132893741
2526	0.003132401724
2527	0.003131564276
2528	0.003130780864
2529	0.00312991932
2530	0.003129508885
2531	0.003129139995
2532	0.003128593283
2533	0.003128143136
2534	0.003127837389
2535	0.003127565759
2536	0.003127034772
2537	0.003126411423
2538	0.003125436401
2539	0.00312522813
2540	0.003124871458
2541	0.003124402676
2542	0.003123447273
2543	0.003122887256
2544	0.003121895384
2545	0.003120149268
2546	0.003119142124
2547	0.00311763856
2548	0.003117373218
2549	0.00311667847
2550	0.003115405933
2551	0.00311414839
2552	0.003113469201
2553	0.00311323667
2554	0.003112457058
2555	0.003112166543
2556	0.003111564943
2557	0.003110599282
2558	0.003109531211
2559	0.003109224682
2560	0.003108896135
2561	0.003108571032
2562	0.003108060013
2563	0.00310600804
2564	0.003105537535
2565	0.003105077801
2566	0.003104286503
2567	0.003103834128
2568	0.003103540635
2569	0.003102882388
2570	0.003102677129
2571	0.003102032398
2572	0.003101489735
2573	0.003101157002
2574	0.003100728477
2575	0.003100139463
2576	0.003099636166
2577	0.003098476697
2578	0.003097979553
2579	0.003097600979
2580	0.003096991765
2581	0.003096571723
2582	0.003095979545
2583	0.003095379276
2584	0.003094430981
2585	0.00309339851
2586	0.003091695546
2587	0.003091204769
2588	0.003090986764
2589	0.003090726309
2590	0.003089243048
2591	0.003088620163
2592	0.003087667507
2593	0.003087157655
2594	0.003086040537
2595	0.003085362949
2596	0.003084401978
2597	0.003083529847
2598	0.00308311884
2599	0.003082678836
2600	0.003082425639
2601	0.003081897306
2602	0.003081198935
2603	0.00308035197
2604	0.003079932348
2605	0.003078812749
2606	0.003078184816
2607	0.003077723796
2608	0.003077510077
2609	0.003077018783
2610	0.003076409806
2611	0.003075939492
2612	0.003075489957
2613	0.003075089744
2614	0.003073665444
2615	0.003072538452
2616	0.003072338287
2617	0.00307191405
2618	0.003071409519
2619	0.003070101972
2620	0.00306966479
2621	0.003069252279
2622	0.003068746841
2623	0.003067658215
2624	0.003066648979
2625	0.003066461408
2626	0.003065546318
2627	0.003065154915
2628	0.003064541517
2629	0.003063451421
2630	0.003062470733
2631	0.003062155806
2632	0.003061978754
2633	0.003061568201
2634	0.003060888135
2635	0.003060342117
2636	0.003059244565
2637	0.003058841217
2638	0.003057833971
2639	0.003057461275
2640	0.003056798279
2641	0.003056184969
2642	0.003055711512
2643	0.003055420841
2644	0.003054845128
2645	0.00305456764
2646	0.003053027113
2647	0.003052026789
2648	0.003050967321
2649	0.003050457126
2650	0.003049857381
2651	0.003049158437
2652	0.00304833833
2653	0.003047799231
2654	0.003047323196
2655	0.003046844672
2656	0.003046023094
2657	0.003045519143
2658	0.003044878983
2659	0.003044286292
2660	0.003043576064
2661	0.003042766708
2662	0.003042059375
2663	0.003041118336
2664	0.003040709385
2665	0.00304005626
2666	0.00303918244
2667	0.003038393336
2668	0.003037438397
2669	0.003036834794
2670	0.003036534147
2671	0.003036312627
2672	0.003035987365
2673	0.003035388448
2674	0.003034638119
2675	0.003033961714
2676	0.003033507425
2677	0.003033247244
2678	0.003032389244
2679	0.003031509681
2680	0.003030844709
2681	0.003030304142
2682	0.003028808926
2683	0.003028404037
2684	0.003027913881
2685	0.003026941191
2686	0.003025939186
2687	0.003025262473
2688	0.003024005651
2689	0.003023027525
2690	0.003022363332
2691	0.003021735447
2692	0.003020586219
2693	0.003020005318
2694	0.003018645
2695	0.003018052337
2696	0.003017469123
2697	0.003017302049
2698	0.003016795175
2699	0.003016372184
2700	0.003015067685
2701	0.003014804864
2702	0.003013857068
2703	0.003013327734
2704	0.003012922736
2705	0.003011533186
2706	0.003010613243
2707	0.003009836282
2708	0.003008882018
2709	0.003008575356
2710	0.003008339721
2711	0.003007631866
2712	0.003007066113
2713	0.003006665545
2714	0.00300619844
2715	0.003005865682
2716	0.003005294825
2717	0.003005010191
2718	0.003004301146
2719	0.003003386565
2720	0.003002921012
2721	0.003002008497
2722	0.003001618581
2723	0.003000745462
2724	0.002999771186
2725	0.002999489931
2726	0.002999130029
2727	0.002998652046
2728	0.002997792429
2729	0.002996812076
2730	0.002995892526
2731	0.002995462113
2732	0.002994724208
2733	0.00299362988
2734	0.002992399027
2735	0.002992107503
2736	0.002991197566
2737	0.002990648235
2738	0.002990358261
2739	0.002989743439
2740	0.002989513592
2741	0.002988843299
2742	0.002987696013
2743	0.002987242231
2744	0.002986908897
2745	0.002986347204
2746	0.002986076265
2747	0.00298484553
2748	0.002984310671
2749	0.002983132432
2750	0.002982519877
2751	0.002981453373
2752	0.002980841749
2753	0.002980091825
2754	0.00297922983
2755	0.002978767201
2756	0.002978512034
2757	0.002978194159
2758	0.00297788863
2759	0.00297756145
2760	0.002977342925
2761	0.002977046456
2762	0.002976822428
2763	0.002976457413
2764	0.002975746547
2765	0.002975549834
2766	0.002974756573
2767	0.002973720117
2768	0.002973179322
2769	0.002972312261
2770	0.002971882411
2771	0.002971420287
2772	0.00297068359
2773	0.00297025246
2774	0.002970092794
2775	0.002969399434
2776	0.002968969404
2777	0.002968693262
2778	0.002968217602
2779	0.00296790474
2780	0.002967562794
2781	0.00296710287
2782	0.002966841264
2783	0.002965723032
2784	0.002964866438
2785	0.002964277881
2786	0.002963607605
2787	0.002963330444
2788	0.002962186057
2789	0.002961073265
2790	0.002960480088
2791	0.002959695669
2792	0.002959483265
2793	0.002959091374
2794	0.002958714573
2795	0.002958519151
2796	0.002958007332
2797	0.002957274513
2798	0.002956745836
2799	0.00295596684
2800	0.002955607627
2801	0.002955176188
2802	0.002954775254
2803	0.002954060402
2804	0.002953661742
2805	0.002953220184
2806	0.002952544043
2807	0.0029518047
2808	0.002950942776
2809	0.002950736918
2810	0.00294976233
2811	0.002949487183
2812	0.0029490694
2813	0.002948531196
2814	0.002947697543
2815	0.002947327673
2816	0.002946900757
2817	0.0029467126
2818	0.002946004241
2819	0.002945568882
2820	0.002944914197
2821	0.002944420796
2822	0.002943977488
2823	0.00294344101
2824	0.002942823658
2825	0.002942566579
2826	0.002942220161
2827	0.002941964365
2828	0.002941443562
2829	0.002940814033
2830	0.002940612894
2831	0.002939284645
2832	0.002937676401
2833	0.0029373682
2834	0.002936858481
2835	0.002936484571
2836	0.00293587501
2837	0.002935392388
2838	0.002934838498
2839	0.002934235642
2840	0.002933802654
2841	0.00293331216
2842	0.002933105774
2843	0.002932208679
2844	0.002931769705
2845	0.002931256633
2846	0.002930561592
2847	0.002930025594
2848	0.002929181038
2849	0.002928582923
2850	0.002928191783
2851	0.002927802471
2852	0.002926238485
2853	0.002925663458
2854	0.00292492706
2855	0.002924229034
2856	0.002923935574
2857	0.002923746572
2858	0.00292298934
2859	0.002922727138
2860	0.002922284354
2861	0.002921784378
2862	0.002921416477
2863	0.002920976185
2864	0.002920708168
2865	0.002920304503
2866	0.002920057154
2867	0.002919561316
2868	0.002918866463
2869	0.002918195467
2870	0.002917724001
2871	0.002917253452
2872	0.00291633391
2873	0.002915773478
2874	0.00291537669
2875	0.002914679737
2876	0.002914037963
2877	0.002913823467
2878	0.002913418764
2879	0.002912721874
2880	0.002912185754
2881	0.002911128593
2882	0.002910568044
2883	0.00290985231
2884	0.002908933395
2885	0.002908722944
2886	0.002908173306
2887	0.002907874108
2888	0.002907676708
2889	0.002907162645
2890	0.002906829066
2891	0.002906646198
2892	0.002906426789
2893	0.002905899765
2894	0.002905137906
2895	0.002904848076
2896	0.002904053534
2897	0.002903477983
2898	0.002903213229
2899	0.002902787134
2900	0.002902348367
2901	0.002901323323
2902	0.002900950218
2903	0.002900031787
2904	0.002899623346
2905	0.00289944023
2906	0.002898394901
2907	0.002897989956
2908	0.002897751477
2909	0.00289665772
2910	0.002896284886
2911	0.002896156745
2912	0.002895824323
2913	0.002895395127
2914	0.002894404718
2915	0.002894207504
2916	0.002893783029
2917	0.002893028207
2918	0.002892369557
2919	0.002892187442
2920	0.002891192551
2921	0.002890872173
2922	0.002889815915
2923	0.002888723923
2924	0.002888028692
2925	0.002887776268
2926	0.002887608729
2927	0.002886973383
2928	0.00288656406
2929	0.002886072042
2930	0.002885063159
2931	0.002884423581
2932	0.002883515774
2933	0.002882821303
2934	0.002882382708
2935	0.002881431054
2936	0.002880952757
2937	0.002880656106
2938	0.002880232952
2939	0.002880047262
2940	0.002879613939
2941	0.002879159883
2942	0.002879025244
2943	0.002878626121
2944	0.002878381211
2945	0.00287799559
2946	0.002877686974
2947	0.00287719001
2948	0.00287682311
2949	0.002876045835
2950	0.002875732628
2951	0.00287550078
2952	0.002875014734
2953	0.00287456404
2954	0.002873974529
2955	0.00287365491
2956	0.002873431788
2957	0.002872457053
2958	0.002872071082
2959	0.002871622231
2960	0.002871245201
2961	0.00287104572
2962	0.002870597264
2963	0.002870425311
2964	0.002869940707
2965	0.002869438593
2966	0.002868968096
2967	0.002868190527
2968	0.002867634109
2969	0.002867136382
2970	0.002865961288
2971	0.002864976312
2972	0.002864508183
2973	0.002864344126
2974	0.002863920183
2975	0.002863486773
2976	0.002863065759
2977	0.002862678843
2978	0.002862140458
2979	0.002861186335
2980	0.002860825681
2981	0.002860374591
2982	0.002860090548
2983	0.002859652636
2984	0.002858129017
2985	0.002857883564
2986	0.002857486104
2987	0.002856527047
2988	0.002856156802
2989	0.002855855157
2990	0.002854905186
2991	0.002854722576
2992	0.002853281005
2993	0.002852262135
2994	0.002851830438
2995	0.00285088952
2996	0.002850347998
2997	0.002849769553
2998	0.002849370902
2999	0.002849059123
3000	0.002848617879
3001	0.002848400035
3002	0.002847911789
3003	0.002847174778
3004	0.002846611597
3005	0.002846177063
3006	0.002845440226
3007	0.002845097304
3008	0.002844669554
3009	0.002844217463
3010	0.002843446065
3011	0.002843028973
3012	0.002842810519
3013	0.002842232375
3014	0.002841985577
3015	0.002841316271
3016	0.002840396927
3017	0.002840029137
3018	0.002839094979
3019	0.002838237733
3020	0.002837977635
3021	0.002836626031
3022	0.002836107398
3023	0.00283548517
3024	0.002834857318
3025	0.002834239756
3026	0.002833934829
3027	0.002833635212
3028	0.002833388208
3029	0.002833152864
3030	0.002832904918
3031	0.002832455218
3032	0.002831814093
3033	0.002831471162
3034	0.002831122461
3035	0.002830762756
3036	0.002830532734
3037	0.002829976531
3038	0.002829440644
3039	0.002828737907
3040	0.002828452416
3041	0.002828059649
3042	0.002827617767
3043	0.002826408477
3044	0.002826069916
3045	0.002825294384
3046	0.002824843443
3047	0.002824419336
3048	0.002823227611
3049	0.002822898078
3050	0.002822650304
3051	0.002822300302
3052	0.002821967958
3053	0.002821660553
3054	0.002820692898
3055	0.002820292957
3056	0.002819975343
3057	0.002819591019
3058	0.002818926162
3059	0.002818305369
3060	0.002818073056
3061	0.002817654561
3062	0.002817466969
3063	0.002817157562
3064	0.002816835472
3065	0.002816395584
3066	0.002815721091
3067	0.002815443202
3068	0.00281523611
3069	0.002814797752
3070	0.002813898377
3071	0.002813117816
3072	0.002812707194
3073	0.002811964933
3074	0.002811131803
3075	0.002810831145
3076	0.002810188369
3077	0.002809935062
3078	0.002809459774
3079	0.002808444571
3080	0.002807497856
3081	0.002807066801
3082	0.002806574873
3083	0.002806205027
3084	0.002805862338
3085	0.002805431603
3086	0.002804867268
3087	0.002804419989
3088	0.002803956629
3089	0.002803614213
3090	0.002803379781
3091	0.002803024956
3092	0.002802446093
3093	0.002802067666
3094	0.002801450242
3095	0.002801152543
3096	0.00280081417
3097	0.002800278517
3098	0.00280013703
3099	0.0027998001
3100	0.002798518694
3101	0.002798130888
3102	0.002797656408
3103	0.002797308639
3104	0.002797161693
3105	0.002796701582
3106	0.002795900811
3107	0.002795411188
3108	0.002794986387
3109	0.002794655535
3110	0.002793930876
3111	0.002793646588
3112	0.00279312366
3113	0.002792831369
3114	0.002792251449
3115	0.002791535059
3116	0.002790580016
3117	0.002789807457
3118	0.002789409709
3119	0.002788902035
3120	0.002788060866
3121	0.002787315003
3122	0.002786930793
3123	0.002786246166
3124	0.002785596486
3125	0.002785275474
3126	0.002785027131
3127	0.002784416285
3128	0.002784111923
3129	0.002783722983
3130	0.002783387177
3131	0.002783187623
3132	0.002782669112
3133	0.002782448488
3134	0.002782056494
3135	0.002781190699
3136	0.00278087722
3137	0.002780575408
3138	0.002779837593
3139	0.002779532988
3140	0.002779360817
3141	0.002779074094
3142	0.002778633442
3143	0.002777633372
3144	0.002777051313
3145	0.002776705017
3146	0.002776189597
3147	0.002775904289
3148	0.002775165309
3149	0.002774528763
3150	0.002774328285
3151	0.002773678131
3152	0.002773428313
3153	0.002772502484
3154	0.002771721574
3155	0.002771256547
3156	0.002770633222
3157	0.002770123694
3158	0.002769692181
3159	0.002768720157
3160	0.002768473935
3161	0.002768295232
3162	0.002767822869
3163	0.002767519001
3164	0.002766830486
3165	0.002766353976
3166	0.002765849487
3167	0.002765032315
3168	0.002764717724
3169	0.002764551224
3170	0.002764124275
3171	0.002763518285
3172	0.002762640608
3173	0.002762307572
3174	0.002761832934
3175	0.002760969727
3176	0.002760508337
3177	0.002760289872
3178	0.002759448296
3179	0.002759124327
3180	0.002758443141
3181	0.002758259906
3182	0.002757703801
3183	0.002757090675
3184	0.002756676155
3185	0.002756246885
3186	0.002755820072
3187	0.002755665938
3188	0.00275527391
3189	0.002754578068
3190	0.002753494077
3191	0.002753209484
3192	0.002752856381
3193	0.002752248815
3194	0.002751972235
3195	0.002751146112
3196	0.002750751889
3197	0.002750163461
3198	0.002749702809
3199	0.002749379176
3200	0.002748296248
3201	0.002747939426
3202	0.002747621056
3203	0.002747274058
3204	0.002746982649
3205	0.002746439053
3206	0.00274623111
3207	0.002745396745
3208	0.002744157383
3209	0.002743841832
3210	0.002743167374
3211	0.002743025718
3212	0.002742563004
3213	0.002742177382
3214	0.002741647635
3215	0.002740835977
3216	0.002740591587
3217	0.002740088516
3218	0.002739454111
3219	0.002739284578
3220	0.002738828833
3221	0.002738316801
3222	0.00273775795
3223	0.002737518181
3224	0.002737230638
3225	0.002736448071
3226	0.002736226078
3227	0.002736064659
3228	0.002735485528
3229	0.002735246386
3230	0.002735082649
3231	0.002734465429
3232	0.002733931384
3233	0.002733570588
3234	0.002733246587
3235	0.00273292201
3236	0.002732668999
3237	0.002732489312
3238	0.002732115664
3239	0.002731555972
3240	0.002731121104
3241	0.002730730888
3242	0.002729989943
3243	0.002729467596
3244	0.002728777119
3245	0.002728500256
3246	0.002728028211
3247	0.002727501109
3248	0.002727118276
3249	0.002726356699
3250	0.00272576265
3251	0.002725260186
3252	0.002723332193
3253	0.002722891129
3254	0.00272251634
3255	0.002722289558
3256	0.00272187034
3257	0.002721451305
3258	0.002720873877
3259	0.002720314539
3260	0.002719758874
3261	0.002719425452
3262	0.002718979483
3263	0.002718577971
3264	0.002718370439
3265	0.002717871853
3266	0.002717642616
3267	0.00271710122
3268	0.002715930015
3269	0.002715502447
3270	0.002715230457
3271	0.002715057163
3272	0.002713735617
3273	0.002713312965
3274	0.002712955791
3275	0.002712715073
3276	0.00271245488
3277	0.002712072204
3278	0.002711591827
3279	0.002711187361
3280	0.00271094256
3281	0.002710375975
3282	0.002709302918
3283	0.002708810539
3284	0.002708557368
3285	0.002708047797
3286	0.002707891841
3287	0.002707656691
3288	0.002707515148
3289	0.00270638091
3290	0.002706017938
3291	0.00270581942
3292	0.002705341683
3293	0.002705028511
3294	0.00270451199
3295	0.002703520785
3296	0.002702497657
3297	0.002701980184
3298	0.002701819195
3299	0.002701361823
3300	0.00270090722
3301	0.002700322769
3302	0.002699784411
3303	0.002699578705
3304	0.002699180245
3305	0.002698553536
3306	0.002698316597
3307	0.002698160864
3308	0.00269775651
3309	0.002697496771
3310	0.002697295734
3311	0.002696626002
3312	0.002695946337
3313	0.00269537194
3314	0.002694708268
3315	0.002694395384
3316	0.002693551392
3317	0.002693412572
3318	0.002692990687
3319	0.002692141945
3320	0.002691279524
3321	0.002691188984
3322	0.002690941261
3323	0.002690739215
3324	0.00269052937
3325	0.002690408338
3326	0.002689882788
3327	0.002689514676
3328	0.002689007906
3329	0.002688266228
3330	0.002688030288
3331	0.002687563069
3332	0.002687182139
3333	0.002686631644
3334	0.002686356547
3335	0.002685647532
3336	0.002685429003
3337	0.002685148754
3338	0.002684493159
3339	0.002683893225
3340	0.002683369654
3341	0.00268281588
3342	0.002682096685
3343	0.00268167625
3344	0.002681171886
3345	0.002680511991
3346	0.002680009592
3347	0.002678896598
3348	0.002678449944
3349	0.002677984051
3350	0.002677644586
3351	0.002676375475
3352	0.002676076492
3353	0.002675924438
3354	0.002675711961
3355	0.002674866984
3356	0.002673829112
3357	0.002673394495
3358	0.002672849015
3359	0.002672303798
3360	0.002671653984
3361	0.002671214638
3362	0.002670928651
3363	0.002670448487
3364	0.002670020849
3365	0.00266927818
3366	0.00266887741
3367	0.002668691225
3368	0.002668541898
3369	0.002667993274
3370	0.00266777699
3371	0.002667183415
3372	0.002666453927
3373	0.002665817645
3374	0.002665516487
3375	0.002665149447
3376	0.002664792111
3377	0.002664501331
3378	0.002664290467
3379	0.002663786653
3380	0.002663698385
3381	0.002662506261
3382	0.002662148368
3383	0.002661745853
3384	0.002661291197
3385	0.002660181354
3386	0.002659501194
3387	0.002659222295
3388	0.002659147721
3389	0.002658919179
3390	0.002658127198
3391	0.002657869446
3392	0.002657265082
3393	0.002656679462
3394	0.002655683724
3395	0.002655039506
3396	0.002654354096
3397	0.002653772174
3398	0.002653524783
3399	0.002653159203
3400	0.002652388484
3401	0.00265215907
3402	0.002651364948
3403	0.002651026683
3404	0.00265088245
3405	0.002650338016
3406	0.002650175405
3407	0.002649744023
3408	0.002649343617
3409	0.002649013813
3410	0.00264828244
3411	0.002647865676
3412	0.002646952862
3413	0.002646255522
3414	0.002646047946
3415	0.002645141889
3416	0.002644536527
3417	0.00264393079
3418	0.002643053078
3419	0.002642524987
3420	0.002642339047
3421	0.002641745071
3422	0.002641530254
3423	0.002640970538
3424	0.002640431578
3425	0.002639449976
3426	0.002638782709
3427	0.002638251836
3428	0.002638060234
3429	0.002637351072
3430	0.002636717802
3431	0.002636094368
3432	0.002635559168
3433	0.002635040527
3434	0.002634711165
3435	0.002634077076
3436	0.002633715578
3437	0.002632900728
3438	0.002631829302
3439	0.002631592159
3440	0.002631361423
3441	0.002631005328
3442	0.002630670739
3443	0.002630414646
3444	0.00263015891
3445	0.002629981336
3446	0.002629132269
3447	0.002628347575
3448	0.002628275077
3449	0.002627693115
3450	0.002626432453
3451	0.002625976411
3452	0.002625741657
3453	0.002625330291
3454	0.002624930347
3455	0.002624271974
3456	0.002623663692
3457	0.002622989326
3458	0.002622575368
3459	0.002622230116
3460	0.002621850184
3461	0.002621652786
3462	0.002620588402
3463	0.002620388428
3464	0.002619915997
3465	0.002619705848
3466	0.002619569719
3467	0.002618912928
3468	0.002618122193
3469	0.002617963321
3470	0.002617693036
3471	0.002617203905
3472	0.002616805588
3473	0.002616445524
3474	0.002616227353
3475	0.002615581217
3476	0.002615353885
3477	0.002614643869
3478	0.002614282777
3479	0.002613723468
3480	0.002613141044
3481	0.002612749757
3482	0.002612375226
3483	0.002611904499
3484	0.002611510104
3485	0.00261091721
3486	0.002610211192
3487	0.002609904901
3488	0.002609127511
3489	0.002608909922
3490	0.002608092267
3491	0.002607746382
3492	0.002607595022
3493	0.002607243592
3494	0.002606854614
3495	0.002606589696
3496	0.002605795387
3497	0.002605317038
3498	0.002603980987
3499	0.00260357552
3500	0.002603236665
3501	0.002602916678
3502	0.002602358869
3503	0.00260189239
3504	0.002601515946
3505	0.002601276211
3506	0.002600628348
3507	0.002600041081
3508	0.002599421609
3509	0.002599110226
3510	0.002598280687
3511	0.002598012451
3512	0.00259751417
3513	0.002597090888
3514	0.002596793422
3515	0.002596325443
3516	0.00259585322
3517	0.002595169094
3518	0.002594850618
3519	0.002594622896
3520	0.002593943098
3521	0.002593493252
3522	0.002593328045
3523	0.002592682728
3524	0.002592324316
3525	0.002591971922
3526	0.002591688062
3527	0.002591541695
3528	0.00259133858
3529	0.002590992667
3530	0.002590691128
3531	0.002590407422
3532	0.002590124739
3533	0.002589794121
3534	0.002588858203
3535	0.002588510967
3536	0.002588238538
3537	0.002588096647
3538	0.002587510265
3539	0.002587327091
3540	0.002587126737
3541	0.002586654617
3542	0.002586317678
3543	0.002586009166
3544	0.002585551751
3545	0.002585071242
3546	0.00258477933
3547	0.002584626168
3548	0.002584281185
3549	0.002584197904
3550	0.002583856361
3551	0.002583702879
3552	0.002582890805
3553	0.002582179177
3554	0.002581902263
3555	0.002581644111
3556	0.002581179541
3557	0.002580650293
3558	0.002580249077
3559	0.002579518562
3560	0.002579029484
3561	0.002578244184
3562	0.002577688539
3563	0.002577318376
3564	0.002576923749
3565	0.002576249577
3566	0.002575858981
3567	0.002575636812
3568	0.002575512123
3569	0.002575280528
3570	0.002574992515
3571	0.002574324527
3572	0.002573237839
3573	0.002573091785
3574	0.002572888642
3575	0.002571971046
3576	0.002571202403
3577	0.002570849732
3578	0.002570329341
3579	0.002569630593
3580	0.002569299407
3581	0.002568848418
3582	0.002568177175
3583	0.002567433304
3584	0.002566928376
3585	0.00256649413
3586	0.002566174038
3587	0.002566092724
3588	0.002565741965
3589	0.00256542128
3590	0.002564535884
3591	0.00256426567
3592	0.002563985769
3593	0.002563475628
3594	0.002563285146
3595	0.002562963223
3596	0.002562283598
3597	0.002561978596
3598	0.002561714678
3599	0.002560812093
3600	0.00256031813
3601	0.002559527184
3602	0.002559257911
3603	0.002558317696
3604	0.002557743625
3605	0.002557450857
3606	0.002556881246
3607	0.002556486901
3608	0.002555619284
3609	0.002555413789
3610	0.002554445544
3611	0.002554295971
3612	0.002553583445
3613	0.002553337079
3614	0.002552588969
3615	0.002552413966
3616	0.002552053136
3617	0.002551809812
3618	0.002551656947
3619	0.002551384017
3620	0.002550871344
3621	0.002550421931
3622	0.002549922764
3623	0.002549527209
3624	0.002549227502
3625	0.002548955145
3626	0.002548653415
3627	0.002548274375
3628	0.002548119598
3629	0.002547536399
3630	0.002547211078
3631	0.002546986674
3632	0.00254657585
3633	0.002546104447
3634	0.002545845377
3635	0.002545070029
3636	0.002544774856
3637	0.002544607939
3638	0.002544347546
3639	0.00254412049
3640	0.002543846512
3641	0.002543560301
3642	0.00254330432
3643	0.002542259294
3644	0.002541991595
3645	0.002541498168
3646	0.002541324879
3647	0.002540644565
3648	0.002540195194
3649	0.002539742615
3650	0.002539583295
3651	0.002538677669
3652	0.002538346877
3653	0.002538038367
3654	0.002537404403
3655	0.002536853967
3656	0.002536424289
3657	0.002536130163
3658	0.002535810538
3659	0.002535710704
3660	0.002535194335
3661	0.002535006473
3662	0.002534873073
3663	0.002534538357
3664	0.002534376385
3665	0.002533776603
3666	0.002533480182
3667	0.002532874603
3668	0.002532548202
3669	0.002532329065
3670	0.002531674993
3671	0.002531333442
3672	0.002531170978
3673	0.002530396932
3674	0.002530174608
3675	0.00252917402
3676	0.002528325902
3677	0.002528001181
3678	0.002527827491
3679	0.002527330125
3680	0.002527157233
3681	0.002526890815
3682	0.002525923099
3683	0.002525675266
3684	0.002525302175
3685	0.002524612679
3686	0.002524342039
3687	0.002524206619
3688	0.002523976631
3689	0.002523502084
3690	0.002523160168
3691	0.002522650148
3692	0.002522322106
3693	0.002521950008
3694	0.002521808211
3695	0.002521282895
3696	0.002520924696
3697	0.002520753816
3698	0.002520113626
3699	0.002519461388
3700	0.002519345847
3701	0.002519211746
3702	0.002518984906
3703	0.002518600935
3704	0.002517873342
3705	0.002517126228
3706	0.002516664695
3707	0.002516349202
3708	0.002516093725
3709	0.002515757053
3710	0.002515491137
3711	0.002515190298
3712	0.002515032996
3713	0.002514733717
3714	0.002513991277
3715	0.002513669887
3716	0.002513489368
3717	0.002513133283
3718	0.002513004065
3719	0.002512886415
3720	0.002512594309
3721	0.002512105379
3722	0.002511744653
3723	0.002510953038
3724	0.002510716217
3725	0.002510563685
3726	0.002510247806
3727	0.002510150933
3728	0.002509867481
3729	0.002509618932
3730	0.002509134358
3731	0.002508673223
3732	0.002508379039
3733	0.002508213647
3734	0.002507532443
3735	0.002507062088
3736	0.00250690657
3737	0.002506221918
3738	0.002505473695
3739	0.002505044884
3740	0.002504802699
3741	0.002504714069
3742	0.002504369127
3743	0.002504009591
3744	0.002503662596
3745	0.002502617466
3746	0.002502268523
3747	0.002501989206
3748	0.002501903085
3749	0.002501463294
3750	0.002501020275
3751	0.002500708147
3752	0.002500313795
3753	0.002499888576
3754	0.00249945904
3755	0.0024987873
3756	0.002498572812
3757	0.002498263754
3758	0.002498005924
3759	0.002497603567
3760	0.002497282559
3761	0.002497032612
3762	0.002496758216
3763	0.002496076838
3764	0.00249554896
3765	0.002494508845
3766	0.002494192049
3767	0.002493570194
3768	0.002493453385
3769	0.002493172477
3770	0.002492532682
3771	0.002492252737
3772	0.002491783689
3773	0.002491339009
3774	0.002491051036
3775	0.002490700074
3776	0.002490300367
3777	0.00248986152
3778	0.00248954984
3779	0.002488984067
3780	0.002488768767
3781	0.002488193952
3782	0.002487801897
3783	0.002487495269
3784	0.002486506692
3785	0.002486017169
3786	0.002485668273
3787	0.002485268978
3788	0.00248508389
3789	0.002484476283
3790	0.002483853837
3791	0.002483228577
3792	0.002483130393
3793	0.002482602171
3794	0.002482306636
3795	0.002481805115
3796	0.002481228095
3797	0.002480915675
3798	0.002480460737
3799	0.002479837314
3800	0.002479469318
3801	0.002479154696
3802	0.002478512869
3803	0.00247809236
3804	0.002477604247
3805	0.002477170813
3806	0.002476976118
3807	0.002476749276
3808	0.002476167281
3809	0.002475561347
3810	0.002475150607
3811	0.002474305518
3812	0.002473598858
3813	0.002473091369
3814	0.002472876857
3815	0.002472465781
3816	0.002472145593
3817	0.002471864204
3818	0.002471282299
3819	0.002471091454
3820	0.002470742381
3821	0.00247021563
3822	0.002469366628
3823	0.002468891561
3824	0.002468604451
3825	0.002468191609
3826	0.002467948103
3827	0.002467574438
3828	0.002467257633
3829	0.002466643968
3830	0.002466558606
3831	0.002466052992
3832	0.002465648063
3833	0.002465373353
3834	0.002465125673
3835	0.002463701642
3836	0.002463196821
3837	0.002462922968
3838	0.002462566737
3839	0.002462353138
3840	0.002461720721
3841	0.00246136299
3842	0.002460858465
3843	0.002460474063
3844	0.002460150295
3845	0.00245991506
3846	0.002459694045
3847	0.002459007707
3848	0.002458698642
3849	0.002458097527
3850	0.002457358727
3851	0.002457010324
3852	0.002456313615
3853	0.002455819567
3854	0.002455292789
3855	0.002454367854
3856	0.002453763599
3857	0.00245355293
3858	0.002452803456
3859	0.002452499401
3860	0.002451887536
3861	0.002451560219
3862	0.002451241582
3863	0.002450949119
3864	0.002450412386
3865	0.002450122186
3866	0.002449567801
3867	0.002449248093
3868	0.002448935429
3869	0.002448585374
3870	0.002448514064
3871	0.002447915017
3872	0.002447674632
3873	0.002447252193
3874	0.002446953005
3875	0.002446084799
3876	0.002445770966
3877	0.002445029911
3878	0.00244468654
3879	0.002444386962
3880	0.002443844175
3881	0.002443259165
3882	0.002442986905
3883	0.002441842298
3884	0.00244167085
3885	0.002441209391
3886	0.002440880194
3887	0.002440534591
3888	0.002439640143
3889	0.002439413176
3890	0.002438996244
3891	0.002438323179
3892	0.002437150943
3893	0.002436234142
3894	0.002435850202
3895	0.002435239068
3896	0.002435054124
3897	0.002434748167
3898	0.002434637379
3899	0.002434431195
3900	0.002433933754
3901	0.002433358174
3902	0.00243245542
3903	0.002432138573
3904	0.002431617754
3905	0.002431240112
3906	0.002430842337
3907	0.002430396939
3908	0.002430173004
3909	0.00242997448
3910	0.002429625155
3911	0.002429352952
3912	0.002429106822
3913	0.002428753147
3914	0.00242815462
3915	0.002427834193
3916	0.002427602435
3917	0.002427412318
3918	0.002427236685
3919	0.002426821582
3920	0.002426584227
3921	0.002426403167
3922	0.002426135177
3923	0.002425944934
3924	0.002425229578
3925	0.002424964174
3926	0.002424483062
3927	0.002423553198
3928	0.002422671846
3929	0.002422082661
3930	0.002421865205
3931	0.002421375604
3932	0.002420960975
3933	0.002420820786
3934	0.002420475643
3935	0.002420173349
3936	0.002419931754
3937	0.002419025813
3938	0.002418835883
3939	0.002418402179
3940	0.002418059011
3941	0.002417203497
3942	0.002416369969
3943	0.002415584479
3944	0.002415445183
3945	0.002415181544
3946	0.002414476743
3947	0.00241358358
3948	0.002413296606
3949	0.002413135959
3950	0.002412847974
3951	0.002412061695
3952	0.002411371738
3953	0.002411010128
3954	0.002409907039
3955	0.002409100025
3956	0.002408498431
3957	0.002407690346
3958	0.002407368215
3959	0.002406800558
3960	0.002406193618
3961	0.002405327956
3962	0.002404684123
3963	0.002404328777
3964	0.002403602185
3965	0.002403291358
3966	0.002403042349
3967	0.002402839874
3968	0.002402319808
3969	0.002402044322
3970	0.00240098634
3971	0.002400635337
3972	0.002400277796
3973	0.002400149467
3974	0.002399847995
3975	0.00239932831
3976	0.002398975097
3977	0.002398721669
3978	0.00239858455
3979	0.002398163285
3980	0.002398018643
3981	0.002397732254
3982	0.002396831438
3983	0.002396048743
3984	0.00239586395
3985	0.00239489578
3986	0.002394564108
3987	0.002393818259
3988	0.002393715097
3989	0.002393153373
3990	0.002392779256
3991	0.002392302405
3992	0.002392116577
3993	0.002391717378
3994	0.002390916284
3995	0.002390642698
3996	0.002390382006
3997	0.002389095489
3998	0.00238872992
3999	0.002388236686
4000	0.002388044886
4001	0.002387758555
4002	0.002387487427
4003	0.002386705784
4004	0.002386414539
4005	0.002386010332
4006	0.002385599528
4007	0.002385464038
4008	0.002384724122
4009	0.002384275017
4010	0.002383948529
4011	0.002383473249
4012	0.002383263815
4013	0.002383152018
4014	0.002382772139
