iter	Passed	Remaining
0	22	114900
1	52	132207
2	76	126893
3	100	126132
4	126	126488
5	153	127840
6	178	127223
7	204	127488
8	229	127494
9	258	128887
10	286	129840
11	314	130687
12	341	130989
13	370	132008
14	399	132917
15	428	133537
16	460	134993
17	489	135475
18	517	135774
19	547	136262
20	577	136884
21	606	137277
22	635	137533
23	672	139414
24	706	140562
25	740	141598
26	770	141875
27	805	143003
28	837	143598
29	869	144017
30	898	144013
31	928	144105
32	957	144174
33	985	144001
34	1012	143638
35	1041	143568
36	1069	143467
37	1097	143294
38	1126	143254
39	1154	143140
40	1181	142884
41	1209	142780
42	1237	142645
43	1267	142744
44	1296	142766
45	1325	142784
46	1354	142754
47	1389	143393
48	1424	143976
49	1455	144128
50	1485	144182
51	1514	144089
52	1542	143986
53	1570	143877
54	1598	143679
55	1625	143490
56	1652	143317
57	1679	143135
58	1707	142998
59	1734	142797
60	1761	142644
61	1789	142512
62	1816	142316
63	1843	142148
64	1872	142144
65	1901	142144
66	1928	142013
67	1964	142505
68	1989	142198
69	2017	142059
70	2044	141910
71	2070	141700
72	2097	141549
73	2124	141445
74	2152	141337
75	2180	141260
76	2207	141159
77	2240	141406
78	2273	141624
79	2310	142085
80	2338	141986
81	2365	141887
82	2393	141763
83	2420	141631
84	2448	141583
85	2477	141548
86	2504	141440
87	2532	141348
88	2558	141197
89	2586	141080
90	2612	140911
91	2638	140777
92	2666	140715
93	2694	140620
94	2721	140492
95	2747	140355
96	2774	140217
97	2799	140052
98	2825	139883
99	2852	139758
100	2880	139705
101	2906	139560
102	2933	139478
103	2960	139363
104	2987	139258
105	3013	139134
106	3039	139015
107	3066	138879
108	3092	138750
109	3119	138693
110	3147	138642
111	3174	138531
112	3201	138474
113	3228	138388
114	3257	138352
115	3291	138578
116	3317	138470
117	3344	138365
118	3370	138238
119	3396	138143
120	3423	138050
121	3450	137947
122	3477	137871
123	3503	137783
124	3530	137671
125	3556	137590
126	3583	137499
127	3610	137418
128	3637	137334
129	3666	137351
130	3692	137225
131	3720	137213
132	3747	137138
133	3774	137066
134	3801	136982
135	3829	136949
136	3855	136872
137	3885	136879
138	3912	136823
139	3947	137033
140	3988	137434
141	4020	137532
142	4046	137425
143	4070	137271
144	4095	137120
145	4119	136959
146	4143	136807
147	4167	136637
148	4190	136445
149	4214	136270
150	4238	136115
151	4263	135976
152	4286	135800
153	4311	135665
154	4336	135558
155	4364	135533
156	4394	135565
157	4423	135547
158	4449	135483
159	4476	135406
160	4501	135299
161	4530	135310
162	4559	135308
163	4586	135240
164	4610	135115
165	4634	134955
166	4659	134833
167	4683	134702
168	4707	134560
169	4729	134381
170	4753	134230
171	4798	134694
172	4821	134524
173	4843	134345
174	4865	134152
175	4886	133931
176	4909	133782
177	4933	133641
178	4956	133480
179	4977	133282
180	5000	133132
181	5023	132973
182	5045	132818
183	5074	132818
184	5098	132692
185	5121	132552
186	5144	132406
187	5166	132235
188	5188	132071
189	5211	131934
190	5235	131826
191	5258	131688
192	5283	131596
193	5306	131464
194	5330	131345
195	5354	131233
196	5377	131103
197	5400	130982
198	5425	130897
199	5448	130757
200	5471	130642
201	5495	130541
202	5519	130429
203	5541	130274
204	5564	130144
205	5587	130020
206	5609	129875
207	5633	129789
208	5657	129684
209	5680	129578
210	5705	129499
211	5728	129370
212	5752	129274
213	5776	129181
214	5798	129057
215	5820	128924
216	5845	128832
217	5867	128702
218	5890	128602
219	5914	128503
220	5938	128427
221	5962	128317
222	5985	128216
223	6007	128094
224	6030	127981
225	6054	127885
226	6077	127785
227	6100	127679
228	6123	127586
229	6146	127474
230	6169	127371
231	6192	127273
232	6215	127166
233	6239	127081
234	6262	126981
235	6284	126870
236	6308	126782
237	6330	126670
238	6353	126574
239	6376	126473
240	6399	126362
241	6422	126270
242	6445	126181
243	6470	126116
244	6492	126012
245	6516	125934
246	6539	125836
247	6562	125741
248	6585	125659
249	6608	125562
250	6631	125468
251	6654	125386
252	6678	125301
253	6701	125214
254	6725	125146
255	6750	125093
256	6772	124995
257	6796	124915
258	6819	124828
259	6842	124742
260	6865	124653
261	6887	124558
262	6910	124473
263	6934	124396
264	6957	124323
265	6980	124240
266	7004	124166
267	7027	124086
268	7051	124011
269	7073	123914
270	7097	123844
271	7122	123797
272	7145	123723
273	7169	123666
274	7195	123628
275	7219	123570
276	7241	123478
277	7264	123388
278	7287	123309
279	7312	123271
280	7337	123225
281	7362	123176
282	7384	123082
283	7407	123003
284	7431	122943
285	7454	122864
286	7477	122792
287	7502	122745
288	7526	122687
289	7548	122602
290	7572	122541
291	7594	122455
292	7617	122368
293	7640	122295
294	7662	122216
295	7688	122188
296	7711	122110
297	7733	122028
298	7758	121976
299	7781	121910
300	7803	121825
301	7827	121759
302	7850	121699
303	7873	121618
304	7897	121574
305	7921	121509
306	7944	121443
307	7967	121373
308	7989	121295
309	8014	121249
310	8038	121198
311	8061	121126
312	8084	121064
313	8107	120997
314	8132	120954
315	8155	120884
316	8179	120836
317	8202	120768
318	8225	120699
319	8250	120670
320	8274	120618
321	8299	120574
322	8325	120545
323	8348	120487
324	8371	120420
325	8394	120358
326	8416	120277
327	8439	120216
328	8465	120182
329	8487	120115
330	8510	120047
331	8535	120007
332	8557	119927
333	8581	119882
334	8606	119846
335	8629	119780
336	8652	119725
337	8673	119631
338	8695	119558
339	8718	119498
340	8740	119419
341	8764	119368
342	8787	119306
343	8811	119267
344	8834	119205
345	8858	119159
346	8882	119112
347	8905	119049
348	8930	119013
349	8957	119005
350	8980	118947
351	9003	118892
352	9028	118858
353	9053	118820
354	9077	118775
355	9101	118728
356	9124	118665
357	9147	118605
358	9173	118597
359	9198	118557
360	9221	118497
361	9244	118447
362	9268	118402
363	9292	118355
364	9317	118313
365	9340	118258
366	9362	118198
367	9385	118137
368	9409	118095
369	9431	118026
370	9455	117976
371	9479	117929
372	9502	117874
373	9527	117850
374	9554	117842
375	9582	117843
376	9612	117876
377	9640	117877
378	9666	117855
379	9691	117828
380	9720	117844
381	9748	117847
382	9773	117822
383	9796	117761
384	9820	117715
385	9842	117647
386	9864	117589
387	9889	117558
388	9914	117516
389	9937	117463
390	9961	117421
391	9984	117363
392	10013	117388
393	10037	117343
394	10060	117291
395	10085	117255
396	10107	117194
397	10131	117142
398	10156	117116
399	10181	117089
400	10204	117028
401	10226	116967
402	10249	116920
403	10275	116892
404	10298	116842
405	10323	116812
406	10347	116773
407	10371	116726
408	10394	116676
409	10418	116636
410	10443	116602
411	10467	116563
412	10489	116503
413	10512	116446
414	10534	116385
415	10558	116351
416	10583	116314
417	10606	116267
418	10631	116232
419	10655	116197
420	10678	116149
421	10702	116109
422	10726	116063
423	10751	116033
424	10774	115987
425	10797	115935
426	10819	115875
427	10844	115843
428	10866	115777
429	10890	115737
430	10913	115694
431	10936	115638
432	10958	115586
433	10981	115535
434	11006	115508
435	11029	115451
436	11052	115405
437	11076	115366
438	11098	115308
439	11121	115259
440	11145	115224
441	11169	115184
442	11196	115176
443	11220	115132
444	11245	115113
445	11269	115068
446	11292	115024
447	11318	115006
448	11342	114969
449	11364	114905
450	11387	114860
451	11412	114831
452	11437	114808
453	11461	114763
454	11483	114712
455	11507	114668
456	11529	114611
457	11552	114569
458	11576	114527
459	11598	114476
460	11622	114432
461	11645	114392
462	11667	114334
463	11690	114289
464	11716	114264
465	11738	114213
466	11762	114172
467	11786	114132
468	11810	114102
469	11834	114063
470	11857	114018
471	11880	113976
472	11903	113926
473	11927	113889
474	11950	113841
475	11973	113803
476	11996	113755
477	12019	113709
478	12044	113676
479	12068	113648
480	12091	113595
481	12117	113582
482	12141	113551
483	12168	113539
484	12192	113500
485	12215	113455
486	12238	113416
487	12262	113381
488	12286	113342
489	12313	113332
490	12336	113294
491	12360	113252
492	12383	113206
493	12406	113167
494	12431	113135
495	12454	113093
496	12475	113036
497	12498	112990
498	12522	112952
499	12545	112908
500	12571	112890
501	12597	112878
502	12621	112837
503	12645	112808
504	12669	112766
505	12696	112760
506	12717	112700
507	12739	112647
508	12761	112598
509	12786	112567
510	12809	112527
511	12833	112495
512	12855	112438
513	12877	112390
514	12900	112350
515	12924	112315
516	12947	112272
517	12972	112243
518	12994	112193
519	13017	112153
520	13042	112128
521	13065	112084
522	13092	112074
523	13115	112031
524	13140	112008
525	13163	111967
526	13186	111922
527	13210	111887
528	13234	111857
529	13258	111825
530	13282	111788
531	13307	111764
532	13331	111728
533	13355	111694
534	13378	111654
535	13401	111609
536	13426	111590
537	13450	111558
538	13474	111524
539	13497	111476
540	13520	111438
541	13544	111402
542	13569	111377
543	13593	111344
544	13616	111307
545	13639	111268
546	13663	111234
547	13688	111206
548	13713	111180
549	13735	111134
550	13760	111110
551	13783	111071
552	13806	111026
553	13831	111000
554	13857	110987
555	13880	110942
556	13904	110912
557	13926	110866
558	13950	110830
559	13973	110786
560	13999	110771
561	14022	110735
562	14048	110712
563	14071	110672
564	14094	110634
565	14118	110604
566	14141	110563
567	14165	110527
568	14187	110483
569	14210	110444
570	14232	110397
571	14257	110369
572	14282	110348
573	14305	110305
574	14329	110278
575	14353	110241
576	14378	110219
577	14400	110172
578	14424	110137
579	14447	110101
580	14473	110079
581	14495	110038
582	14518	109997
583	14541	109959
584	14567	109938
585	14592	109916
586	14616	109883
587	14637	109834
588	14663	109817
589	14719	110024
590	14755	110078
591	14783	110075
592	14809	110057
593	14836	110052
594	14865	110052
595	14892	110042
596	14919	110030
597	14944	110011
598	14969	109983
599	14996	109972
600	15020	109938
601	15044	109907
602	15068	109875
603	15091	109838
604	15117	109822
605	15140	109784
606	15165	109756
607	15191	109735
608	15214	109701
609	15238	109667
610	15265	109654
611	15289	109622
612	15313	109595
613	15337	109558
614	15360	109518
615	15385	109493
616	15408	109457
617	15431	109416
618	15454	109378
619	15478	109351
620	15501	109312
621	15525	109280
622	15549	109249
623	15574	109221
624	15597	109185
625	15620	109144
626	15643	109105
627	15668	109084
628	15693	109055
629	15716	109017
630	15739	108978
631	15764	108952
632	15787	108916
633	15814	108903
634	15837	108866
635	15860	108825
636	15884	108798
637	15908	108764
638	15932	108737
639	15957	108708
640	15980	108674
641	16004	108638
642	16027	108601
643	16050	108567
644	16073	108529
645	16099	108510
646	16124	108483
647	16146	108438
648	16171	108413
649	16194	108378
650	16217	108341
651	16243	108321
652	16267	108295
653	16292	108267
654	16316	108239
655	16340	108203
656	16364	108173
657	16388	108143
658	16412	108110
659	16435	108078
660	16458	108038
661	16484	108018
662	16506	107978
663	16530	107947
664	16553	107910
665	16576	107870
666	16601	107847
667	16624	107808
668	16646	107769
669	16673	107754
670	16696	107715
671	16721	107691
672	16750	107692
673	16771	107643
674	16794	107607
675	16816	107563
676	16838	107523
677	16861	107487
678	16884	107452
679	16907	107409
680	16932	107388
681	16958	107373
682	16986	107363
683	17012	107345
684	17036	107315
685	17061	107291
686	17085	107260
687	17109	107235
688	17132	107193
689	17156	107163
690	17178	107125
691	17204	107102
692	17229	107082
693	17254	107055
694	17276	107015
695	17300	106983
696	17322	106942
697	17347	106915
698	17369	106875
699	17394	106850
700	17416	106808
701	17441	106784
702	17466	106761
703	17489	106726
704	17513	106698
705	17536	106662
706	17568	106676
707	17589	106632
708	17612	106593
709	17636	106565
710	17661	106540
711	17684	106506
712	17709	106479
713	17733	106451
714	17758	106424
715	17782	106399
716	17805	106360
717	17830	106339
718	17855	106314
719	17879	106285
720	17903	106251
721	17926	106216
722	17952	106200
723	17976	106168
724	18001	106144
725	18023	106107
726	18048	106080
727	18079	106094
728	18102	106056
729	18125	106019
730	18146	105975
731	18170	105943
732	18193	105910
733	18219	105890
734	18242	105854
735	18265	105819
736	18288	105784
737	18312	105755
738	18336	105727
739	18362	105708
740	18385	105671
741	18409	105643
742	18433	105611
743	18458	105591
744	18481	105553
745	18504	105521
746	18531	105505
747	18555	105479
748	18578	105446
749	18601	105406
750	18624	105375
751	18647	105339
752	18671	105311
753	18697	105288
754	18719	105248
755	18742	105214
756	18766	105185
757	18790	105155
758	18814	105127
759	18836	105090
760	18860	105057
761	18883	105024
762	18908	105000
763	18931	104967
764	18957	104947
765	18981	104920
766	19003	104879
767	19028	104853
768	19050	104817
769	19076	104794
770	19101	104775
771	19124	104741
772	19148	104708
773	19170	104669
774	19193	104637
775	19219	104615
776	19242	104582
777	19266	104552
778	19289	104522
779	19312	104484
780	19334	104446
781	19359	104422
782	19382	104389
783	19410	104379
784	19435	104356
785	19457	104319
786	19482	104292
787	19506	104267
788	19530	104239
789	19555	104212
790	19579	104184
791	19601	104145
792	19627	104124
793	19651	104099
794	19676	104075
795	19700	104047
796	19724	104019
797	19747	103985
798	19773	103963
799	19799	103946
800	19823	103920
801	19847	103887
802	19873	103872
803	19900	103857
804	19929	103855
805	19954	103834
806	19982	103825
807	20008	103807
808	20034	103786
809	20063	103784
810	20091	103775
811	20115	103747
812	20138	103715
813	20160	103677
814	20185	103652
815	20210	103630
816	20238	103618
817	20260	103583
818	20284	103552
819	20307	103521
820	20335	103508
821	20358	103476
822	20382	103448
823	20405	103414
824	20430	103390
825	20453	103357
826	20476	103324
827	20500	103295
828	20523	103260
829	20547	103230
830	20571	103206
831	20596	103179
832	20618	103143
833	20644	103125
834	20668	103094
835	20690	103058
836	20714	103029
837	20739	103005
838	20767	102994
839	20789	102959
840	20812	102926
841	20836	102896
842	20859	102862
843	20885	102841
844	20909	102813
845	20934	102793
846	20959	102768
847	20982	102737
848	21005	102701
849	21028	102667
850	21050	102632
851	21075	102605
852	21099	102577
853	21123	102548
854	21146	102515
855	21169	102481
856	21192	102449
857	21216	102420
858	21240	102396
859	21264	102365
860	21289	102344
861	21312	102308
862	21337	102285
863	21362	102261
864	21384	102225
865	21409	102202
866	21433	102174
867	21458	102149
868	21481	102117
869	21505	102090
870	21528	102056
871	21552	102029
872	21578	102008
873	21600	101972
874	21624	101943
875	21648	101916
876	21672	101885
877	21696	101861
878	21719	101826
879	21744	101801
880	21768	101777
881	21791	101745
882	21815	101716
883	21840	101690
884	21863	101661
885	21886	101625
886	21910	101597
887	21933	101568
888	21958	101544
889	21984	101522
890	22007	101492
891	22031	101462
892	22056	101438
893	22079	101407
894	22104	101382
895	22129	101361
896	22152	101328
897	22176	101299
898	22200	101273
899	22225	101249
900	22247	101212
901	22271	101185
902	22298	101169
903	22323	101148
904	22348	101122
905	22371	101090
906	22395	101063
907	22420	101040
908	22444	101014
909	22468	100986
910	22493	100959
911	22515	100926
912	22540	100901
913	22566	100882
914	22589	100851
915	22615	100831
916	22638	100797
917	22660	100762
918	22683	100729
919	22706	100697
920	22729	100664
921	22754	100640
922	22778	100616
923	22803	100594
924	22828	100570
925	22853	100546
926	22876	100515
927	22901	100491
928	22924	100459
929	22950	100438
930	22974	100412
931	22997	100378
932	23019	100343
933	23044	100320
934	23067	100288
935	23090	100256
936	23112	100220
937	23134	100182
938	23157	100150
939	23180	100122
940	23204	100092
941	23228	100066
942	23255	100051
943	23279	100021
944	23302	99991
945	23328	99972
946	23350	99935
947	23374	99906
948	23396	99871
949	23420	99844
950	23452	99850
951	23473	99813
952	23495	99774
953	23517	99738
954	23540	99706
955	23563	99676
956	23586	99644
957	23610	99618
958	23634	99592
959	23658	99563
960	23681	99530
961	23704	99500
962	23729	99477
963	23752	99446
964	23777	99423
965	23801	99396
966	23826	99372
967	23852	99350
968	23875	99322
969	23899	99293
970	23924	99268
971	23947	99238
972	23970	99209
973	23994	99179
974	24019	99156
975	24045	99138
976	24068	99105
977	24092	99079
978	24116	99052
979	24139	99020
980	24163	98992
981	24188	98969
982	24211	98937
983	24234	98909
984	24259	98884
985	24283	98858
986	24306	98827
987	24330	98800
988	24354	98772
989	24380	98753
990	24404	98724
991	24428	98700
992	24453	98675
993	24478	98652
994	24501	98623
995	24526	98600
996	24550	98570
997	24572	98538
998	24597	98512
999	24622	98491
1000	24646	98464
1001	24671	98440
1002	24695	98413
1003	24721	98393
1004	24746	98368
1005	24777	98369
1006	24800	98338
1007	24821	98302
1008	24843	98265
1009	24866	98234
1010	24889	98202
1011	24913	98175
1012	24935	98143
1013	24957	98106
1014	24980	98075
1015	25005	98054
1016	25033	98043
1017	25061	98029
1018	25091	98025
1019	25117	98006
1020	25147	98004
1021	25173	97985
1022	25202	97976
1023	25229	97962
1024	25254	97939
1025	25281	97921
1026	25305	97897
1027	25328	97863
1028	25350	97831
1029	25374	97802
1030	25398	97773
1031	25421	97744
1032	25445	97716
1033	25468	97686
1034	25493	97662
1035	25518	97641
1036	25542	97613
1037	25568	97593
1038	25593	97569
1039	25616	97538
1040	25640	97511
1041	25663	97482
1042	25687	97456
1043	25712	97431
1044	25736	97404
1045	25759	97372
1046	25782	97342
1047	25804	97308
1048	25828	97282
1049	25852	97253
1050	25875	97222
1051	25898	97193
1052	25922	97166
1053	25946	97138
1054	25969	97108
1055	25994	97083
1056	26018	97057
1057	26041	97028
1058	26066	97005
1059	26091	96983
1060	26119	96969
1061	26143	96942
1062	26168	96918
1063	26192	96891
1064	26214	96856
1065	26239	96833
1066	26264	96812
1067	26288	96785
1068	26313	96760
1069	26336	96732
1070	26359	96702
1071	26383	96672
1072	26409	96654
1073	26435	96633
1074	26456	96598
1075	26481	96572
1076	26505	96545
1077	26529	96520
1078	26554	96496
1079	26579	96471
1080	26605	96453
1081	26627	96420
1082	26651	96393
1083	26676	96368
1084	26698	96337
1085	26722	96309
1086	26744	96276
1087	26768	96249
1088	26792	96220
1089	26818	96201
1090	26842	96175
1091	26866	96149
1092	26890	96123
1093	26913	96092
1094	26939	96070
1095	26961	96039
1096	26988	96022
1097	27014	96001
1098	27036	95967
1099	27059	95937
1100	27083	95911
1101	27109	95893
1102	27137	95878
1103	27160	95848
1104	27182	95816
1105	27206	95789
1106	27229	95758
1107	27253	95732
1108	27276	95702
1109	27300	95673
1110	27324	95649
1111	27349	95623
1112	27374	95600
1113	27398	95573
1114	27421	95546
1115	27451	95540
1116	27473	95507
1117	27498	95483
1118	27521	95450
1119	27543	95419
1120	27566	95387
1121	27587	95352
1122	27609	95319
1123	27632	95288
1124	27658	95267
1125	27681	95238
1126	27707	95219
1127	27730	95188
1128	27753	95159
1129	27778	95136
1130	27801	95106
1131	27825	95077
1132	27849	95050
1133	27872	95021
1134	27894	94989
1135	27917	94957
1136	27941	94933
1137	27965	94906
1138	27988	94876
1139	28013	94852
1140	28037	94826
1141	28061	94798
1142	28086	94775
1143	28111	94752
1144	28133	94719
1145	28157	94692
1146	28181	94667
1147	28204	94636
1148	28227	94608
1149	28251	94580
1150	28275	94554
1151	28301	94533
1152	28324	94504
1153	28347	94474
1154	28372	94453
1155	28400	94437
1156	28423	94408
1157	28447	94381
1158	28470	94354
1159	28494	94326
1160	28519	94302
1161	28543	94278
1162	28568	94253
1163	28593	94229
1164	28618	94207
1165	28641	94177
1166	28666	94153
1167	28691	94132
1168	28714	94102
1169	28738	94074
1170	28763	94051
1171	28790	94035
1172	28813	94006
1173	28838	93982
1174	28861	93952
1175	28886	93929
1176	28911	93907
1177	28934	93876
1178	28956	93845
1179	28978	93812
1180	29001	93781
1181	29025	93755
1182	29048	93726
1183	29072	93698
1184	29095	93671
1185	29119	93644
1186	29143	93617
1187	29167	93591
1188	29192	93568
1189	29217	93544
1190	29240	93516
1191	29264	93490
1192	29288	93462
1193	29311	93433
1194	29335	93406
1195	29359	93381
1196	29383	93354
1197	29408	93332
1198	29431	93303
1199	29456	93277
1200	29480	93251
1201	29504	93227
1202	29527	93198
1203	29551	93169
1204	29573	93139
1205	29598	93114
1206	29623	93090
1207	29663	93117
1208	29705	93147
1209	29730	93121
1210	29753	93093
1211	29777	93067
1212	29802	93043
1213	29825	93013
1214	29848	92985
1215	29872	92958
1216	29897	92935
1217	29921	92909
1218	29946	92886
1219	29970	92859
1220	29994	92831
1221	30020	92814
1222	30043	92782
1223	30067	92757
1224	30093	92736
1225	30117	92709
1226	30142	92686
1227	30169	92669
1228	30196	92653
1229	30224	92638
1230	30252	92624
1231	30278	92605
1232	30305	92588
1233	30333	92572
1234	30361	92560
1235	30389	92546
1236	30415	92525
1237	30439	92499
1238	30463	92472
1239	30489	92453
1240	30513	92424
1241	30535	92394
1242	30558	92365
1243	30581	92335
1244	30604	92304
1245	30628	92280
1246	30652	92252
1247	30676	92226
1248	30702	92204
1249	30726	92179
1250	30751	92155
1251	30776	92133
1252	30800	92105
1253	30823	92075
1254	30847	92049
1255	30871	92023
1256	30894	91995
1257	30919	91970
1258	30942	91941
1259	30966	91917
1260	30988	91885
1261	31013	91861
1262	31037	91834
1263	31060	91806
1264	31084	91778
1265	31109	91756
1266	31133	91729
1267	31159	91708
1268	31182	91681
1269	31208	91659
1270	31233	91635
1271	31256	91607
1272	31279	91577
1273	31303	91552
1274	31326	91521
1275	31350	91495
1276	31372	91464
1277	31395	91435
1278	31418	91405
1279	31444	91384
1280	31476	91383
1281	31498	91351
1282	31521	91321
1283	31546	91299
1284	31567	91263
1285	31590	91234
1286	31613	91203
1287	31635	91174
1288	31658	91145
1289	31680	91111
1290	31703	91083
1291	31727	91057
1292	31753	91035
1293	31778	91012
1294	31802	90985
1295	31826	90961
1296	31851	90938
1297	31874	90907
1298	31900	90888
1299	31923	90858
1300	31948	90834
1301	31971	90807
1302	31995	90781
1303	32020	90757
1304	32045	90732
1305	32067	90702
1306	32089	90671
1307	32113	90645
1308	32137	90619
1309	32163	90597
1310	32187	90570
1311	32212	90549
1312	32236	90522
1313	32259	90494
1314	32284	90470
1315	32308	90442
1316	32333	90420
1317	32358	90396
1318	32381	90368
1319	32403	90338
1320	32426	90308
1321	32450	90283
1322	32474	90256
1323	32499	90232
1324	32522	90203
1325	32545	90174
1326	32568	90145
1327	32594	90124
1328	32618	90098
1329	32641	90071
1330	32665	90044
1331	32690	90020
1332	32712	89991
1333	32738	89969
1334	32763	89946
1335	32787	89918
1336	32810	89892
1337	32834	89864
1338	32856	89834
1339	32881	89811
1340	32906	89786
1341	32928	89757
1342	32952	89730
1343	32977	89706
1344	33001	89681
1345	33026	89657
1346	33049	89627
1347	33073	89602
1348	33098	89578
1349	33122	89553
1350	33146	89527
1351	33171	89505
1352	33195	89479
1353	33219	89451
1354	33244	89429
1355	33269	89406
1356	33293	89379
1357	33316	89351
1358	33341	89326
1359	33364	89299
1360	33388	89274
1361	33410	89242
1362	33434	89216
1363	33458	89190
1364	33482	89165
1365	33507	89140
1366	33531	89114
1367	33555	89087
1368	33581	89067
1369	33603	89035
1370	33625	89006
1371	33650	88981
1372	33673	88954
1373	33697	88926
1374	33721	88903
1375	33744	88873
1376	33767	88845
1377	33790	88817
1378	33813	88788
1379	33837	88762
1380	33861	88736
1381	33885	88711
1382	33908	88682
1383	33935	88662
1384	33958	88635
1385	33981	88607
1386	34006	88582
1387	34047	88602
1388	34070	88574
1389	34094	88548
1390	34116	88517
1391	34139	88487
1392	34165	88467
1393	34188	88440
1394	34214	88417
1395	34236	88386
1396	34259	88358
1397	34282	88329
1398	34304	88299
1399	34330	88278
1400	34357	88260
1401	34381	88233
1402	34404	88205
1403	34429	88182
1404	34452	88155
1405	34474	88124
1406	34499	88100
1407	34524	88077
1408	34548	88050
1409	34572	88026
1410	34597	88001
1411	34620	87973
1412	34643	87944
1413	34667	87918
1414	34691	87894
1415	34718	87875
1416	34742	87849
1417	34766	87824
1418	34791	87800
1419	34816	87776
1420	34840	87750
1421	34864	87725
1422	34888	87700
1423	34911	87672
1424	34936	87647
1425	34958	87616
1426	34983	87593
1427	35007	87568
1428	35031	87542
1429	35055	87516
1430	35078	87488
1431	35102	87461
1432	35126	87436
1433	35150	87411
1434	35175	87386
1435	35199	87360
1436	35223	87334
1437	35245	87304
1438	35269	87279
1439	35295	87258
1440	35319	87232
1441	35345	87212
1442	35374	87197
1443	35403	87185
1444	35431	87169
1445	35458	87150
1446	35485	87132
1447	35526	87147
1448	35553	87129
1449	35580	87109
1450	35606	87089
1451	35630	87064
1452	35656	87042
1453	35680	87016
1454	35703	86989
1455	35728	86965
1456	35752	86940
1457	35776	86912
1458	35801	86889
1459	35824	86862
1460	35851	86842
1461	35875	86818
1462	35900	86794
1463	35923	86766
1464	35947	86739
1465	35970	86712
1466	35993	86683
1467	36018	86661
1468	36042	86634
1469	36066	86608
1470	36088	86578
1471	36112	86552
1472	36135	86524
1473	36159	86497
1474	36183	86473
1475	36207	86446
1476	36232	86423
1477	36257	86399
1478	36279	86370
1479	36305	86348
1480	36331	86326
1481	36353	86295
1482	36374	86264
1483	36397	86235
1484	36420	86208
1485	36443	86179
1486	36468	86155
1487	36491	86128
1488	36515	86102
1489	36538	86074
1490	36563	86049
1491	36587	86024
1492	36612	86000
1493	36635	85973
1494	36659	85947
1495	36684	85925
1496	36707	85896
1497	36731	85869
1498	36755	85843
1499	36779	85819
1500	36804	85796
1501	36828	85768
1502	36859	85760
1503	36882	85731
1504	36904	85700
1505	36925	85669
1506	36948	85641
1507	36971	85612
1508	36994	85584
1509	37018	85558
1510	37040	85528
1511	37064	85502
1512	37087	85476
1513	37110	85447
1514	37137	85427
1515	37162	85404
1516	37187	85381
1517	37210	85352
1518	37232	85324
1519	37256	85298
1520	37280	85271
1521	37303	85245
1522	37327	85219
1523	37351	85193
1524	37373	85163
1525	37398	85138
1526	37421	85111
1527	37445	85085
1528	37469	85059
1529	37493	85033
1530	37517	85008
1531	37539	84978
1532	37561	84947
1533	37587	84927
1534	37610	84900
1535	37635	84874
1536	37659	84850
1537	37682	84822
1538	37706	84795
1539	37730	84770
1540	37752	84741
1541	37777	84718
1542	37800	84690
1543	37823	84661
1544	37846	84634
1545	37871	84609
1546	37896	84586
1547	37920	84562
1548	37944	84536
1549	37968	84510
1550	37992	84485
1551	38016	84460
1552	38039	84431
1553	38064	84408
1554	38086	84378
1555	38109	84350
1556	38133	84323
1557	38158	84301
1558	38196	84306
1559	38217	84275
1560	38240	84246
1561	38261	84214
1562	38283	84185
1563	38306	84157
1564	38329	84130
1565	38352	84101
1566	38376	84075
1567	38397	84044
1568	38419	84013
1569	38440	83982
1570	38463	83954
1571	38485	83924
1572	38508	83896
1573	38530	83865
1574	38553	83838
1575	38578	83815
1576	38602	83788
1577	38625	83762
1578	38651	83740
1579	38675	83715
1580	38698	83687
1581	38722	83662
1582	38747	83637
1583	38772	83614
1584	38796	83589
1585	38819	83562
1586	38843	83536
1587	38867	83511
1588	38891	83485
1589	38915	83460
1590	38938	83433
1591	38961	83405
1592	38988	83385
1593	39011	83358
1594	39036	83334
1595	39058	83306
1596	39081	83277
1597	39105	83252
1598	39128	83225
1599	39153	83200
1600	39176	83173
1601	39200	83148
1602	39225	83124
1603	39248	83097
1604	39274	83075
1605	39297	83047
1606	39321	83022
1607	39345	82998
1608	39368	82970
1609	39394	82948
1610	39419	82925
1611	39442	82897
1612	39465	82870
1613	39489	82844
1614	39515	82822
1615	39538	82795
1616	39561	82767
1617	39584	82741
1618	39605	82709
1619	39627	82679
1620	39649	82649
1621	39673	82624
1622	39697	82598
1623	39722	82574
1624	39745	82548
1625	39769	82522
1626	39792	82496
1627	39818	82474
1628	39849	82462
1629	39874	82439
1630	39900	82418
1631	39924	82393
1632	39948	82367
1633	39976	82350
1634	40002	82328
1635	40025	82302
1636	40053	82284
1637	40078	82260
1638	40103	82237
1639	40126	82209
1640	40150	82184
1641	40174	82159
1642	40197	82132
1643	40222	82109
1644	40248	82087
1645	40270	82058
1646	40295	82033
1647	40319	82008
1648	40343	81983
1649	40367	81958
1650	40394	81939
1651	40418	81914
1652	40442	81888
1653	40465	81861
1654	40493	81844
1655	40524	81832
1656	40553	81816
1657	40579	81796
1658	40606	81775
1659	40633	81757
1660	40661	81738
1661	40689	81721
1662	40714	81698
1663	40738	81673
1664	40764	81651
1665	40788	81626
1666	40814	81604
1667	40846	81595
1668	40867	81563
1669	40889	81534
1670	40911	81504
1671	40935	81478
1672	40957	81449
1673	40979	81420
1674	41002	81392
1675	41027	81369
1676	41050	81342
1677	41075	81318
1678	41100	81294
1679	41125	81271
1680	41149	81245
1681	41173	81220
1682	41196	81192
1683	41220	81168
1684	41243	81140
1685	41265	81111
1686	41287	81082
1687	41312	81059
1688	41337	81034
1689	41362	81012
1690	41388	80989
1691	41411	80963
1692	41435	80938
1693	41458	80910
1694	41482	80884
1695	41506	80858
1696	41531	80835
1697	41557	80813
1698	41580	80786
1699	41603	80759
1700	41627	80734
1701	41652	80710
1702	41676	80686
1703	41700	80660
1704	41726	80637
1705	41750	80612
1706	41774	80587
1707	41800	80565
1708	41823	80538
1709	41848	80515
1710	41870	80486
1711	41894	80461
1712	41920	80439
1713	41944	80413
1714	41969	80389
1715	41992	80363
1716	42016	80337
1717	42039	80311
1718	42065	80289
1719	42087	80260
1720	42110	80233
1721	42132	80203
1722	42156	80178
1723	42192	80175
1724	42214	80145
1725	42236	80117
1726	42258	80088
1727	42281	80061
1728	42304	80033
1729	42327	80006
1730	42351	79980
1731	42373	79952
1732	42394	79921
1733	42417	79893
1734	42442	79869
1735	42467	79847
1736	42491	79821
1737	42514	79793
1738	42535	79763
1739	42561	79741
1740	42584	79715
1741	42609	79690
1742	42632	79664
1743	42655	79636
1744	42676	79606
1745	42699	79579
1746	42725	79556
1747	42749	79531
1748	42773	79506
1749	42797	79480
1750	42820	79453
1751	42844	79428
1752	42868	79402
1753	42894	79381
1754	42916	79352
1755	42941	79328
1756	42964	79301
1757	42986	79274
1758	43011	79249
1759	43035	79224
1760	43059	79199
1761	43083	79173
1762	43106	79147
1763	43131	79122
1764	43154	79096
1765	43179	79072
1766	43203	79047
1767	43226	79020
1768	43249	78993
1769	43273	78968
1770	43299	78945
1771	43323	78920
1772	43345	78892
1773	43368	78865
1774	43391	78838
1775	43416	78813
1776	43438	78786
1777	43463	78762
1778	43489	78739
1779	43521	78730
1780	43544	78701
1781	43565	78672
1782	43589	78646
1783	43610	78617
1784	43636	78593
1785	43658	78565
1786	43680	78536
1787	43703	78510
1788	43728	78485
1789	43752	78461
1790	43776	78436
1791	43800	78410
1792	43824	78385
1793	43849	78361
1794	43874	78337
1795	43898	78313
1796	43921	78286
1797	43944	78259
1798	43967	78232
1799	43990	78206
1800	44016	78184
1801	44042	78161
1802	44066	78135
1803	44087	78106
1804	44110	78079
1805	44134	78053
1806	44159	78030
1807	44185	78008
1808	44209	77984
1809	44233	77959
1810	44256	77931
1811	44280	77906
1812	44304	77881
1813	44330	77859
1814	44354	77834
1815	44401	77848
1816	44434	77840
1817	44459	77815
1818	44483	77790
1819	44508	77768
1820	44532	77742
1821	44557	77719
1822	44581	77693
1823	44606	77670
1824	44630	77644
1825	44653	77618
1826	44678	77594
1827	44703	77571
1828	44730	77550
1829	44755	77526
1830	44778	77500
1831	44803	77476
1832	44827	77451
1833	44853	77429
1834	44879	77407
1835	44903	77382
1836	44927	77357
1837	44951	77331
1838	44977	77310
1839	45001	77285
1840	45026	77262
1841	45050	77235
1842	45074	77211
1843	45097	77184
1844	45123	77161
1845	45145	77133
1846	45167	77104
1847	45190	77078
1848	45213	77051
1849	45236	77025
1850	45258	76996
1851	45283	76972
1852	45309	76950
1853	45334	76926
1854	45359	76902
1855	45382	76877
1856	45406	76850
1857	45430	76825
1858	45453	76798
1859	45477	76773
1860	45501	76748
1861	45525	76723
1862	45549	76697
1863	45572	76672
1864	45598	76649
1865	45624	76627
1866	45655	76614
1867	45684	76596
1868	45714	76582
1869	45746	76569
1870	45773	76550
1871	45799	76528
1872	45827	76509
1873	45851	76484
1874	45875	76458
1875	45897	76431
1876	45922	76407
1877	45946	76382
1878	45971	76357
1879	45993	76330
1880	46019	76306
1881	46043	76282
1882	46069	76260
1883	46091	76232
1884	46115	76206
1885	46138	76180
1886	46164	76157
1887	46194	76141
1888	46218	76117
1889	46242	76091
1890	46265	76065
1891	46289	76039
1892	46311	76011
1893	46335	75986
1894	46357	75958
1895	46382	75933
1896	46407	75910
1897	46430	75884
1898	46454	75857
1899	46477	75832
1900	46503	75809
1901	46527	75783
1902	46551	75760
1903	46576	75735
1904	46601	75712
1905	46624	75685
1906	46648	75660
1907	46671	75633
1908	46696	75610
1909	46719	75583
1910	46743	75557
1911	46767	75532
1912	46791	75506
1913	46816	75483
1914	46839	75456
1915	46865	75434
1916	46889	75409
1917	46914	75385
1918	46936	75357
1919	46960	75332
1920	46984	75306
1921	47007	75280
1922	47030	75254
1923	47054	75228
1924	47076	75200
1925	47099	75173
1926	47123	75148
1927	47148	75124
1928	47172	75099
1929	47199	75079
1930	47224	75054
1931	47248	75030
1932	47271	75003
1933	47294	74976
1934	47319	74952
1935	47341	74924
1936	47365	74899
1937	47390	74875
1938	47415	74851
1939	47439	74827
1940	47463	74802
1941	47486	74775
1942	47512	74753
1943	47536	74728
1944	47559	74702
1945	47584	74677
1946	47608	74652
1947	47632	74628
1948	47657	74603
1949	47682	74579
1950	47706	74554
1951	47730	74530
1952	47755	74506
1953	47778	74480
1954	47802	74454
1955	47826	74428
1956	47850	74404
1957	47873	74377
1958	47897	74351
1959	47920	74326
1960	47944	74300
1961	47968	74275
1962	47992	74250
1963	48015	74222
1964	48039	74198
1965	48064	74174
1966	48088	74149
1967	48112	74123
1968	48135	74097
1969	48160	74073
1970	48183	74047
1971	48206	74020
1972	48229	73994
1973	48253	73969
1974	48276	73942
1975	48300	73916
1976	48323	73891
1977	48349	73868
1978	48372	73842
1979	48396	73817
1980	48421	73793
1981	48444	73766
1982	48469	73743
1983	48492	73716
1984	48517	73692
1985	48542	73669
1986	48567	73645
1987	48589	73617
1988	48612	73590
1989	48635	73564
1990	48661	73542
1991	48684	73515
1992	48708	73490
1993	48732	73465
1994	48756	73440
1995	48779	73412
1996	48805	73391
1997	48830	73367
1998	48853	73341
1999	48876	73314
2000	48899	73288
2001	48923	73263
2002	48950	73241
2003	48974	73217
2004	48998	73192
2005	49023	73168
2006	49044	73139
2007	49068	73113
2008	49092	73088
2009	49117	73065
2010	49140	73038
2011	49164	73012
2012	49187	72987
2013	49212	72964
2014	49237	72939
2015	49260	72913
2016	49283	72887
2017	49307	72862
2018	49332	72837
2019	49358	72815
2020	49380	72788
2021	49409	72769
2022	49433	72745
2023	49457	72719
2024	49481	72694
2025	49506	72672
2026	49531	72647
2027	49555	72622
2028	49578	72596
2029	49604	72573
2030	49628	72548
2031	49652	72524
2032	49677	72500
2033	49702	72476
2034	49725	72449
2035	49749	72424
2036	49772	72398
2037	49798	72376
2038	49821	72350
2039	49845	72325
2040	49871	72301
2041	49896	72278
2042	49919	72252
2043	49945	72230
2044	49969	72205
2045	49994	72181
2046	50018	72156
2047	50040	72128
2048	50065	72105
2049	50090	72081
2050	50114	72055
2051	50138	72031
2052	50162	72006
2053	50188	71984
2054	50213	71960
2055	50239	71937
2056	50264	71914
2057	50288	71888
2058	50311	71863
2059	50335	71838
2060	50359	71812
2061	50382	71786
2062	50407	71762
2063	50429	71734
2064	50451	71707
2065	50475	71681
2066	50500	71658
2067	50528	71638
2068	50551	71613
2069	50575	71587
2070	50602	71566
2071	50627	71542
2072	50652	71519
2073	50678	71496
2074	50704	71474
2075	50728	71450
2076	50752	71424
2077	50779	71404
2078	50807	71385
2079	50834	71364
2080	50865	71348
2081	50893	71328
2082	50921	71309
2083	50949	71290
2084	50977	71270
2085	51004	71249
2086	51028	71224
2087	51051	71197
2088	51076	71173
2089	51100	71150
2090	51124	71124
2091	51148	71099
2092	51171	71072
2093	51196	71048
2094	51220	71024
2095	51247	71003
2096	51271	70977
2097	51293	70950
2098	51318	70926
2099	51341	70899
2100	51364	70874
2101	51390	70850
2102	51413	70824
2103	51436	70799
2104	51461	70774
2105	51485	70749
2106	51509	70724
2107	51533	70700
2108	51558	70675
2109	51581	70649
2110	51604	70622
2111	51627	70596
2112	51651	70571
2113	51676	70547
2114	51700	70523
2115	51724	70497
2116	51747	70472
2117	51772	70447
2118	51796	70422
2119	51820	70397
2120	51843	70370
2121	51866	70344
2122	51890	70320
2123	51916	70298
2124	51941	70273
2125	51964	70247
2126	51987	70221
2127	52010	70194
2128	52032	70167
2129	52056	70141
2130	52080	70116
2131	52103	70090
2132	52127	70065
2133	52150	70038
2134	52173	70012
2135	52196	69986
2136	52221	69962
2137	52246	69939
2138	52272	69916
2139	52297	69892
2140	52320	69866
2141	52345	69842
2142	52371	69820
2143	52396	69796
2144	52420	69771
2145	52443	69745
2146	52467	69719
2147	52490	69694
2148	52515	69670
2149	52539	69645
2150	52564	69621
2151	52588	69596
2152	52611	69570
2153	52635	69544
2154	52659	69520
2155	52681	69492
2156	52706	69469
2157	52730	69443
2158	52755	69419
2159	52778	69393
2160	52802	69369
2161	52828	69346
2162	52853	69323
2163	52879	69301
2164	52905	69278
2165	52931	69255
2166	52956	69232
2167	52980	69206
2168	53003	69181
2169	53026	69154
2170	53051	69130
2171	53075	69105
2172	53097	69078
2173	53121	69052
2174	53144	69026
2175	53169	69003
2176	53194	68978
2177	53218	68953
2178	53243	68930
2179	53266	68904
2180	53289	68878
2181	53312	68851
2182	53336	68826
2183	53358	68799
2184	53382	68773
2185	53406	68749
2186	53431	68725
2187	53454	68699
2188	53476	68671
2189	53500	68647
2190	53525	68623
2191	53548	68597
2192	53572	68571
2193	53596	68546
2194	53620	68521
2195	53644	68496
2196	53668	68472
2197	53692	68446
2198	53715	68420
2199	53739	68395
2200	53765	68373
2201	53790	68349
2202	53815	68325
2203	53840	68302
2204	53864	68277
2205	53888	68252
2206	53912	68227
2207	53936	68202
2208	53960	68177
2209	53985	68153
2210	54007	68126
2211	54032	68102
2212	54054	68075
2213	54078	68049
2214	54103	68025
2215	54128	68002
2216	54153	67978
2217	54176	67953
2218	54201	67928
2219	54225	67903
2220	54250	67880
2221	54273	67854
2222	54298	67830
2223	54321	67804
2224	54344	67778
2225	54367	67751
2226	54392	67727
2227	54415	67702
2228	54438	67675
2229	54461	67649
2230	54485	67624
2231	54510	67600
2232	54533	67574
2233	54558	67550
2234	54581	67525
2235	54607	67502
2236	54630	67475
2237	54655	67452
2238	54677	67425
2239	54701	67400
2240	54725	67374
2241	54750	67351
2242	54773	67325
2243	54797	67300
2244	54819	67273
2245	54845	67249
2246	54867	67223
2247	54890	67197
2248	54913	67170
2249	54938	67146
2250	54962	67122
2251	54987	67098
2252	55009	67071
2253	55034	67047
2254	55057	67021
2255	55081	66995
2256	55106	66973
2257	55131	66948
2258	55153	66920
2259	55176	66894
2260	55199	66869
2261	55223	66843
2262	55246	66818
2263	55273	66796
2264	55296	66771
2265	55321	66746
2266	55347	66724
2267	55373	66702
2268	55398	66678
2269	55423	66655
2270	55447	66629
2271	55470	66604
2272	55494	66578
2273	55517	66552
2274	55544	66531
2275	55569	66507
2276	55594	66483
2277	55617	66457
2278	55642	66433
2279	55665	66408
2280	55690	66384
2281	55714	66359
2282	55740	66336
2283	55763	66310
2284	55786	66284
2285	55810	66259
2286	55834	66234
2287	55858	66209
2288	55880	66183
2289	55905	66158
2290	55929	66133
2291	55959	66116
2292	55987	66096
2293	56015	66076
2294	56043	66055
2295	56070	66034
2296	56097	66012
2297	56125	65992
2298	56153	65972
2299	56180	65950
2300	56203	65924
2301	56227	65900
2302	56252	65876
2303	56276	65851
2304	56300	65826
2305	56324	65801
2306	56348	65776
2307	56372	65751
2308	56398	65729
2309	56421	65703
2310	56446	65679
2311	56470	65654
2312	56494	65629
2313	56520	65606
2314	56545	65582
2315	56569	65558
2316	56594	65533
2317	56618	65509
2318	56643	65485
2319	56671	65465
2320	56696	65441
2321	56720	65416
2322	56742	65389
2323	56767	65365
2324	56789	65338
2325	56813	65314
2326	56837	65288
2327	56864	65267
2328	56888	65241
2329	56911	65216
2330	56935	65191
2331	56964	65172
2332	56986	65145
2333	57009	65118
2334	57032	65092
2335	57055	65066
2336	57078	65040
2337	57101	65014
2338	57126	64990
2339	57149	64965
2340	57173	64939
2341	57197	64914
2342	57223	64892
2343	57246	64866
2344	57271	64842
2345	57293	64815
2346	57315	64788
2347	57339	64763
2348	57365	64741
2349	57390	64716
2350	57415	64692
2351	57440	64669
2352	57466	64646
2353	57491	64622
2354	57516	64599
2355	57541	64575
2356	57564	64549
2357	57587	64523
2358	57610	64497
2359	57636	64474
2360	57663	64452
2361	57685	64425
2362	57709	64401
2363	57732	64375
2364	57755	64348
2365	57780	64325
2366	57803	64299
2367	57827	64274
2368	57849	64247
2369	57873	64223
2370	57896	64196
2371	57919	64170
2372	57944	64146
2373	57968	64121
2374	57991	64095
2375	58015	64071
2376	58039	64045
2377	58062	64019
2378	58086	63995
2379	58111	63971
2380	58134	63945
2381	58158	63920
2382	58181	63894
2383	58205	63870
2384	58228	63844
2385	58253	63819
2386	58276	63794
2387	58299	63768
2388	58322	63742
2389	58347	63718
2390	58374	63696
2391	58398	63672
2392	58421	63646
2393	58445	63621
2394	58469	63596
2395	58493	63571
2396	58517	63546
2397	58542	63522
2398	58565	63496
2399	58589	63472
2400	58613	63447
2401	58636	63420
2402	58659	63395
2403	58683	63370
2404	58706	63343
2405	58729	63318
2406	58753	63293
2407	58777	63268
2408	58801	63244
2409	58824	63218
2410	58846	63190
2411	58868	63164
2412	58892	63138
2413	58916	63114
2414	58941	63090
2415	58963	63063
2416	58988	63039
2417	59012	63015
2418	59037	62991
2419	59062	62967
2420	59113	62971
2421	59146	62955
2422	59169	62930
2423	59192	62904
2424	59218	62881
2425	59241	62855
2426	59265	62830
2427	59288	62805
2428	59311	62779
2429	59335	62754
2430	59359	62729
2431	59382	62703
2432	59408	62680
2433	59432	62655
2434	59457	62631
2435	59481	62606
2436	59504	62580
2437	59528	62556
2438	59552	62531
2439	59576	62506
2440	59600	62481
2441	59625	62457
2442	59648	62432
2443	59671	62406
2444	59695	62381
2445	59718	62355
2446	59743	62331
2447	59770	62309
2448	59795	62286
2449	59819	62260
2450	59846	62238
2451	59871	62215
2452	59895	62190
2453	59917	62163
2454	59941	62139
2455	59965	62114
2456	59989	62089
2457	60011	62062
2458	60037	62039
2459	60063	62017
2460	60089	61993
2461	60114	61969
2462	60138	61945
2463	60165	61923
2464	60189	61898
2465	60214	61875
2466	60238	61849
2467	60260	61823
2468	60282	61796
2469	60305	61770
2470	60331	61747
2471	60354	61721
2472	60379	61697
2473	60405	61674
2474	60428	61649
2475	60453	61625
2476	60478	61601
2477	60502	61576
2478	60527	61552
2479	60551	61528
2480	60574	61502
2481	60596	61475
2482	60621	61451
2483	60643	61424
2484	60668	61401
2485	60692	61376
2486	60717	61352
2487	60742	61328
2488	60767	61304
2489	60788	61277
2490	60813	61252
2491	60836	61227
2492	60859	61201
2493	60883	61176
2494	60907	61151
2495	60929	61125
2496	60953	61099
2497	60984	61081
2498	61006	61055
2499	61028	61028
2500	61050	61001
2501	61074	60976
2502	61102	60956
2503	61131	60936
2504	61157	60913
2505	61187	60894
2506	61215	60873
2507	61242	60851
2508	61269	60830
2509	61299	60810
2510	61324	60787
2511	61348	60762
2512	61373	60738
2513	61399	60715
2514	61421	60688
2515	61445	60663
2516	61469	60639
2517	61495	60616
2518	61520	60592
2519	61543	60566
2520	61565	60539
2521	61591	60517
2522	61613	60490
2523	61637	60465
2524	61660	60439
2525	61683	60414
2526	61706	60388
2527	61730	60362
2528	61755	60338
2529	61781	60316
2530	61805	60291
2531	61828	60266
2532	61852	60240
2533	61874	60214
2534	61897	60187
2535	61921	60163
2536	61945	60138
2537	61968	60112
2538	61992	60087
2539	62014	60061
2540	62037	60035
2541	62062	60011
2542	62086	59986
2543	62109	59961
2544	62134	59937
2545	62159	59913
2546	62184	59889
2547	62208	59864
2548	62231	59838
2549	62255	59814
2550	62278	59788
2551	62303	59764
2552	62326	59738
2553	62351	59714
2554	62376	59691
2555	62397	59663
2556	62421	59638
2557	62445	59613
2558	62469	59588
2559	62493	59563
2560	62517	59538
2561	62540	59513
2562	62564	59488
2563	62589	59464
2564	62613	59440
2565	62637	59415
2566	62662	59391
2567	62684	59365
2568	62708	59339
2569	62731	59314
2570	62755	59289
2571	62780	59266
2572	62806	59242
2573	62830	59217
2574	62855	59193
2575	62879	59169
2576	62902	59143
2577	62927	59119
2578	62950	59094
2579	62974	59069
2580	62998	59044
2581	63022	59019
2582	63049	58997
2583	63073	58973
2584	63096	58947
2585	63119	58921
2586	63141	58894
2587	63166	58870
2588	63189	58844
2589	63214	58821
2590	63239	58797
2591	63263	58772
2592	63286	58747
2593	63310	58722
2594	63334	58696
2595	63357	58672
2596	63381	58647
2597	63407	58624
2598	63430	58597
2599	63452	58571
2600	63476	58547
2601	63500	58522
2602	63525	58498
2603	63551	58475
2604	63575	58450
2605	63600	58426
2606	63626	58403
2607	63649	58377
2608	63674	58354
2609	63700	58331
2610	63724	58306
2611	63748	58281
2612	63772	58257
2613	63796	58232
2614	63822	58208
2615	63845	58183
2616	63869	58158
2617	63892	58133
2618	63915	58107
2619	63939	58082
2620	63963	58057
2621	63988	58034
2622	64013	58009
2623	64036	57984
2624	64060	57959
2625	64085	57935
2626	64110	57911
2627	64134	57886
2628	64159	57862
2629	64182	57837
2630	64207	57813
2631	64231	57788
2632	64256	57764
2633	64279	57739
2634	64303	57714
2635	64327	57689
2636	64351	57665
2637	64375	57640
2638	64400	57615
2639	64423	57590
2640	64446	57565
2641	64470	57540
2642	64493	57514
2643	64518	57490
2644	64542	57466
2645	64565	57440
2646	64589	57415
2647	64616	57393
2648	64640	57368
2649	64663	57342
2650	64686	57317
2651	64712	57294
2652	64736	57270
2653	64760	57244
2654	64782	57218
2655	64806	57193
2656	64829	57168
2657	64854	57144
2658	64877	57118
2659	64901	57093
2660	64925	57069
2661	64952	57046
2662	64976	57022
2663	65001	56997
2664	65023	56971
2665	65048	56947
2666	65070	56921
2667	65095	56897
2668	65120	56873
2669	65144	56848
2670	65168	56824
2671	65194	56800
2672	65218	56776
2673	65243	56752
2674	65269	56729
2675	65294	56705
2676	65318	56681
2677	65342	56656
2678	65368	56633
2679	65393	56609
2680	65417	56584
2681	65442	56560
2682	65471	56539
2683	65501	56520
2684	65535	56504
2685	65565	56484
2686	65597	56467
2687	65625	56446
2688	65656	56427
2689	65689	56409
2690	65720	56391
2691	65748	56369
2692	65785	56355
2693	65818	56338
2694	65851	56321
2695	65876	56298
2696	65909	56280
2697	65945	56265
2698	65978	56249
2699	66010	56231
2700	66038	56210
2701	66060	56183
2702	66082	56156
2703	66103	56129
2704	66123	56101
2705	66146	56075
2706	66167	56048
2707	66190	56022
2708	66213	55996
2709	66234	55969
2710	66259	55945
2711	66287	55923
2712	66314	55901
2713	66345	55882
2714	66372	55860
2715	66397	55836
2716	66424	55814
2717	66452	55792
2718	66480	55771
2719	66504	55746
2720	66528	55721
2721	66551	55695
2722	66577	55672
2723	66601	55647
2724	66624	55621
2725	66646	55596
2726	66669	55569
2727	66692	55544
2728	66716	55519
2729	66738	55493
2730	66763	55469
2731	66786	55443
2732	66809	55417
2733	66833	55392
2734	66858	55369
2735	66880	55342
2736	66905	55318
2737	66929	55294
2738	66953	55268
2739	66977	55243
2740	67002	55220
2741	67026	55195
2742	67051	55171
2743	67073	55144
2744	67096	55119
2745	67119	55093
2746	67143	55069
2747	67167	55044
2748	67191	55019
2749	67213	54992
2750	67234	54965
2751	67257	54940
2752	67282	54916
2753	67307	54891
2754	67330	54866
2755	67352	54839
2756	67375	54814
2757	67399	54789
2758	67425	54766
2759	67446	54739
2760	67469	54713
2761	67491	54686
2762	67514	54661
2763	67537	54636
2764	67561	54611
2765	67585	54586
2766	67608	54561
2767	67631	54535
2768	67654	54509
2769	67678	54484
2770	67708	54464
2771	67730	54438
2772	67753	54412
2773	67775	54386
2774	67797	54360
2775	67820	54334
2776	67844	54309
2777	67867	54283
2778	67888	54257
2779	67911	54231
2780	67933	54205
2781	67956	54179
2782	67979	54154
2783	68002	54128
2784	68025	54102
2785	68049	54078
2786	68072	54052
2787	68095	54027
2788	68120	54002
2789	68142	53976
2790	68166	53952
2791	68188	53925
2792	68213	53901
2793	68235	53874
2794	68262	53852
2795	68284	53826
2796	68309	53802
2797	68336	53780
2798	68360	53755
2799	68385	53731
2800	68412	53708
2801	68435	53683
2802	68457	53657
2803	68481	53632
2804	68506	53608
2805	68529	53582
2806	68555	53559
2807	68578	53534
2808	68602	53509
2809	68625	53483
2810	68648	53458
2811	68674	53434
2812	68697	53410
2813	68722	53385
2814	68744	53359
2815	68769	53335
2816	68792	53310
2817	68814	53283
2818	68838	53259
2819	68861	53233
2820	68885	53208
2821	68909	53184
2822	68935	53160
2823	68960	53136
2824	68985	53112
2825	69008	53087
2826	69031	53061
2827	69057	53038
2828	69080	53013
2829	69103	52987
2830	69126	52962
2831	69149	52936
2832	69173	52911
2833	69195	52885
2834	69219	52860
2835	69243	52836
2836	69266	52810
2837	69289	52784
2838	69315	52761
2839	69339	52736
2840	69363	52712
2841	69388	52688
2842	69413	52664
2843	69437	52639
2844	69461	52615
2845	69487	52591
2846	69511	52567
2847	69533	52540
2848	69557	52515
2849	69580	52490
2850	69604	52465
2851	69626	52439
2852	69651	52415
2853	69676	52391
2854	69702	52368
2855	69726	52343
2856	69747	52317
2857	69769	52290
2858	69792	52264
2859	69817	52241
2860	69840	52215
2861	69864	52191
2862	69889	52166
2863	69913	52142
2864	69939	52118
2865	69963	52093
2866	69986	52068
2867	70010	52044
2868	70035	52019
2869	70061	51996
2870	70083	51970
2871	70108	51946
2872	70144	51930
2873	70175	51911
2874	70206	51891
2875	70242	51875
2876	70277	51859
2877	70319	51847
2878	70355	51831
2879	70388	51813
2880	70428	51800
2881	70465	51785
2882	70504	51771
2883	70545	51759
2884	70586	51747
2885	70628	51735
2886	70667	51721
2887	70702	51704
2888	70736	51687
2889	70775	51673
2890	70809	51656
2891	70841	51636
2892	70873	51617
2893	70904	51597
2894	70938	51580
2895	70971	51561
2896	70999	51540
2897	71033	51522
2898	71068	51505
2899	71098	51485
2900	71128	51464
2901	71158	51444
2902	71187	51422
2903	71216	51401
2904	71245	51380
2905	71272	51357
2906	71302	51337
2907	71330	51314
2908	71356	51291
2909	71384	51269
2910	71411	51246
2911	71444	51227
2912	71478	51210
2913	71514	51194
2914	71550	51177
2915	71584	51159
2916	71620	51143
2917	71658	51128
2918	71693	51111
2919	71729	51095
2920	71760	51074
2921	71790	51054
2922	71820	51033
2923	71850	51013
2924	71881	50993
2925	71913	50973
2926	71946	50954
2927	71975	50933
2928	72006	50913
2929	72037	50893
2930	72071	50875
2931	72100	50853
2932	72132	50834
2933	72164	50815
2934	72196	50795
2935	72226	50775
2936	72260	50757
2937	72296	50740
2938	72328	50721
2939	72360	50701
2940	72395	50684
2941	72429	50666
2942	72460	50645
2943	72493	50627
2944	72523	50606
2945	72556	50587
2946	72586	50566
2947	72614	50544
2948	72646	50525
2949	72677	50504
2950	72708	50484
2951	72737	50462
2952	72766	50441
2953	72798	50421
2954	72829	50401
2955	72860	50381
2956	72889	50359
2957	72921	50340
2958	72953	50320
2959	72984	50300
2960	73014	50279
2961	73052	50263
2962	73099	50254
2963	73127	50232
2964	73159	50212
2965	73190	50192
2966	73219	50170
2967	73249	50149
2968	73283	50130
2969	73316	50112
2970	73348	50091
2971	73376	50070
2972	73405	50047
2973	73432	50024
2974	73460	50002
2975	73491	49982
2976	73523	49962
2977	73554	49941
2978	73583	49919
2979	73614	49899
2980	73645	49879
2981	73675	49858
2982	73705	49837
2983	73736	49816
2984	73770	49797
2985	73801	49777
2986	73832	49757
2987	73864	49737
2988	73894	49716
2989	73921	49693
2990	73952	49672
2991	73979	49649
2992	74008	49627
2993	74038	49606
2994	74069	49585
2995	74098	49563
2996	74129	49543
2997	74158	49521
2998	74192	49503
2999	74224	49483
3000	74255	49462
3001	74284	49440
3002	74315	49419
3003	74346	49399
3004	74376	49377
3005	74408	49358
3006	74442	49339
3007	74474	49319
3008	74503	49297
3009	74533	49276
3010	74565	49256
3011	74602	49239
3012	74641	49224
3013	74678	49207
3014	74728	49199
3015	74769	49185
3016	74808	49170
3017	74841	49150
3018	74886	49138
3019	74924	49122
3020	74964	49107
3021	75022	49104
3022	75067	49093
3023	75111	49081
3024	75150	49065
3025	75189	49049
3026	75232	49036
3027	75270	49020
3028	75307	49003
3029	75342	48984
3030	75377	48966
3031	75408	48945
3032	75444	48928
3033	75477	48908
3034	75513	48890
3035	75546	48871
3036	75579	48851
3037	75612	48831
3038	75647	48813
3039	75680	48794
3040	75715	48775
3041	75751	48757
3042	75786	48739
3043	75818	48719
3044	75853	48700
3045	75886	48680
3046	75916	48659
3047	75948	48639
3048	75975	48615
3049	76006	48594
3050	76034	48571
3051	76062	48548
3052	76090	48525
3053	76120	48503
3054	76151	48482
3055	76180	48460
3056	76206	48435
3057	76232	48412
3058	76260	48388
3059	76288	48365
3060	76318	48343
3061	76345	48320
3062	76374	48298
3063	76400	48274
3064	76432	48253
3065	76464	48232
3066	76492	48210
3067	76525	48189
3068	76553	48167
3069	76587	48147
3070	76587	48147
3071	76632	48110
3072	76668	48092
3073	76704	48074
3074	76753	48064
3075	76794	48049
3076	76861	48050
3077	76914	48043
3078	76953	48027
3079	76995	48012
3080	77031	47994
3081	77059	47971
3082	77087	47948
3083	77116	47925
3084	77145	47902
3085	77171	47878
3086	77199	47855
3087	77237	47838
3088	77273	47820
3089	77310	47803
3090	77340	47780
3091	77372	47759
3092	77400	47737
3093	77426	47712
3094	77453	47688
3095	77481	47665
3096	77506	47640
3097	77533	47616
3098	77562	47594
3099	77601	47577
3100	77632	47555
3101	77674	47541
3102	77701	47517
3103	77734	47497
3104	77764	47475
3105	77790	47451
3106	77817	47427
3107	77843	47402
3108	77869	47377
3109	77893	47352
3110	77916	47326
3111	77939	47300
3112	77966	47275
3113	77994	47252
3114	78031	47234
3115	78074	47220
3116	78105	47199
3117	78133	47176
3118	78159	47151
3119	78187	47128
3120	78214	47104
3121	78240	47079
3122	78266	47055
3123	78298	47034
3124	78323	47008
3125	78347	46983
3126	78376	46960
3127	78401	46935
3128	78428	46911
3129	78455	46887
3130	78482	46863
3131	78507	46838
3132	78532	46813
3133	78558	46788
3134	78585	46765
3135	78611	46740
3136	78634	46714
3137	78658	46688
3138	78686	46665
3139	78711	46640
3140	78737	46615
3141	78764	46591
3142	78791	46567
3143	78819	46544
3144	78846	46520
3145	78871	46495
3146	78897	46470
3147	78925	46447
3148	78951	46423
3149	78975	46397
3150	78999	46371
3151	79022	46345
3152	79044	46318
3153	79071	46294
3154	79102	46272
3155	79126	46247
3156	79147	46219
3157	79167	46191
3158	79187	46163
3159	79207	46135
3160	79229	46108
3161	79249	46080
3162	79269	46052
3163	79286	46023
3164	79305	45994
3165	79324	45965
3166	79342	45936
3167	79362	45908
3168	79381	45880
3169	79399	45850
3170	79416	45821
3171	79434	45792
3172	79452	45763
3173	79472	45734
3174	79490	45705
3175	79512	45678
3176	79529	45649
3177	79548	45620
3178	79568	45593
3179	79587	45564
3180	79607	45536
3181	79625	45507
3182	79644	45479
3183	79663	45450
3184	79681	45421
3185	79701	45393
3186	79720	45364
3187	79738	45335
3188	79755	45306
3189	79775	45278
3190	79795	45250
3191	79814	45222
3192	79835	45194
3193	79854	45166
3194	79873	45138
3195	79890	45108
3196	79908	45079
3197	79930	45053
3198	79950	45025
3199	79970	44997
3200	79989	44969
3201	80009	44941
3202	80028	44912
3203	80047	44884
3204	80069	44857
3205	80089	44830
3206	80109	44802
3207	80129	44774
3208	80149	44746
3209	80169	44719
3210	80190	44691
3211	80208	44662
3212	80225	44633
3213	80242	44604
3214	80261	44576
3215	80279	44547
3216	80298	44518
3217	80317	44490
3218	80336	44462
3219	80354	44433
3220	80372	44404
3221	80389	44375
3222	80408	44346
3223	80428	44319
3224	80445	44289
3225	80462	44260
3226	80483	44233
3227	80501	44204
3228	80519	44176
3229	80539	44148
3230	80558	44120
3231	80577	44091
3232	80595	44063
3233	80614	44035
3234	80633	44006
3235	80652	43978
3236	80670	43950
3237	80688	43921
3238	80705	43892
3239	80724	43863
3240	80743	43835
3241	80762	43807
3242	80780	43778
3243	80798	43750
3244	80817	43721
3245	80836	43694
3246	80854	43665
3247	80873	43637
3248	80892	43609
3249	80913	43582
3250	80931	43553
3251	80950	43525
3252	80968	43496
3253	80987	43469
3254	81006	43441
3255	81024	43412
3256	81044	43384
3257	81060	43355
3258	81079	43326
3259	81097	43298
3260	81116	43270
3261	81135	43242
3262	81154	43214
3263	81174	43186
3264	81194	43159
3265	81213	43131
3266	81230	43102
3267	81248	43074
3268	81266	43045
3269	81286	43017
3270	81307	42990
3271	81325	42962
3272	81344	42934
3273	81362	42905
3274	81381	42878
3275	81399	42849
3276	81417	42821
3277	81435	42792
3278	81452	42763
3279	81474	42737
3280	81491	42708
3281	81511	42681
3282	81531	42653
3283	81554	42627
3284	81576	42601
3285	81596	42574
3286	81615	42546
3287	81635	42519
3288	81657	42492
3289	81677	42465
3290	81695	42436
3291	81715	42409
3292	81736	42382
3293	81757	42356
3294	81777	42328
3295	81798	42301
3296	81819	42275
3297	81842	42249
3298	81867	42224
3299	81892	42199
3300	81916	42174
3301	81940	42149
3302	81963	42123
3303	81986	42097
3304	82013	42073
3305	82036	42048
3306	82055	42020
3307	82077	41994
3308	82098	41967
3309	82119	41940
3310	82138	41912
3311	82157	41885
3312	82180	41859
3313	82201	41832
3314	82220	41805
3315	82239	41777
3316	82260	41750
3317	82280	41723
3318	82299	41695
3319	82318	41667
3320	82338	41640
3321	82355	41611
3322	82375	41584
3323	82393	41556
3324	82411	41528
3325	82431	41500
3326	82449	41472
3327	82467	41444
3328	82484	41415
3329	82502	41387
3330	82523	41360
3331	82541	41332
3332	82558	41303
3333	82577	41276
3334	82599	41250
3335	82618	41222
3336	82635	41193
3337	82653	41165
3338	82672	41137
3339	82690	41110
3340	82709	41082
3341	82727	41054
3342	82746	41026
3343	82764	40998
3344	82784	40971
3345	82804	40944
3346	82824	40917
3347	82843	40889
3348	82862	40861
3349	82881	40834
3350	82900	40806
3351	82917	40778
3352	82936	40750
3353	82954	40722
3354	82972	40694
3355	82991	40666
3356	83010	40639
3357	83027	40611
3358	83047	40584
3359	83066	40556
3360	83085	40528
3361	83102	40500
3362	83122	40473
3363	83139	40445
3364	83158	40417
3365	83176	40389
3366	83194	40361
3367	83214	40334
3368	83232	40306
3369	83252	40279
3370	83269	40250
3371	83287	40223
3372	83306	40195
3373	83324	40167
3374	83344	40140
3375	83362	40112
3376	83380	40084
3377	83400	40057
3378	83418	40029
3379	83436	40002
3380	83453	39973
3381	83471	39945
3382	83490	39918
3383	83507	39890
3384	83525	39862
3385	83557	39840
3386	83576	39813
3387	83594	39785
3388	83611	39757
3389	83629	39729
3390	83649	39702
3391	83665	39674
3392	83684	39646
3393	83703	39619
3394	83722	39591
3395	83739	39563
3396	83757	39535
3397	83775	39507
3398	83794	39480
3399	83811	39452
3400	83828	39424
3401	83846	39396
3402	83865	39369
3403	83885	39342
3404	83903	39314
3405	83921	39286
3406	83939	39258
3407	83958	39231
3408	83976	39203
3409	83995	39176
3410	84013	39148
3411	84031	39121
3412	84050	39093
3413	84068	39066
3414	84085	39037
3415	84102	39009
3416	84121	38982
3417	84139	38954
3418	84156	38926
3419	84174	38898
3420	84192	38871
3421	84210	38843
3422	84229	38816
3423	84247	38788
3424	84266	38761
3425	84284	38733
3426	84303	38706
3427	84321	38679
3428	84339	38651
3429	84358	38624
3430	84376	38596
3431	84394	38569
3432	84414	38542
3433	84432	38514
3434	84452	38488
3435	84469	38460
3436	84487	38432
3437	84506	38405
3438	84524	38377
3439	84542	38350
3440	84560	38322
3441	84578	38295
3442	84597	38268
3443	84616	38240
3444	84633	38212
3445	84652	38185
3446	84669	38157
3447	84689	38131
3448	84707	38103
3449	84728	38077
3450	84747	38050
3451	84765	38022
3452	84783	37995
3453	84801	37967
3454	84818	37940
3455	84837	37912
3456	84856	37885
3457	84887	37864
3458	84905	37836
3459	84924	37809
3460	84941	37781
3461	84960	37754
3462	84979	37727
3463	84997	37700
3464	85016	37673
3465	85036	37646
3466	85053	37618
3467	85071	37591
3468	85090	37564
3469	85107	37536
3470	85127	37510
3471	85146	37483
3472	85164	37455
3473	85182	37428
3474	85200	37400
3475	85218	37373
3476	85238	37347
3477	85256	37319
3478	85273	37291
3479	85291	37264
3480	85309	37237
3481	85327	37209
3482	85344	37182
3483	85364	37155
3484	85382	37127
3485	85401	37101
3486	85420	37074
3487	85438	37047
3488	85457	37020
3489	85477	36993
3490	85495	36966
3491	85514	36939
3492	85533	36912
3493	85551	36885
3494	85569	36858
3495	85588	36831
3496	85607	36804
3497	85625	36777
3498	85645	36750
3499	85663	36723
3500	85682	36696
3501	85699	36669
3502	85718	36642
3503	85737	36615
3504	85754	36587
3505	85771	36560
3506	85789	36532
3507	85807	36505
3508	85827	36478
3509	85845	36451
3510	85864	36425
3511	85884	36398
3512	85902	36371
3513	85921	36344
3514	85939	36317
3515	85958	36290
3516	85976	36263
3517	85995	36236
3518	86013	36209
3519	86032	36182
3520	86052	36156
3521	86071	36129
3522	86088	36102
3523	86107	36075
3524	86127	36049
3525	86145	36022
3526	86163	35995
3527	86183	35968
3528	86201	35941
3529	86219	35914
3530	86237	35887
3531	86256	35860
3532	86274	35833
3533	86292	35806
3534	86310	35779
3535	86330	35753
3536	86349	35726
3537	86368	35699
3538	86388	35673
3539	86405	35646
3540	86423	35619
3541	86442	35592
3542	86461	35565
3543	86481	35539
3544	86501	35513
3545	86521	35487
3546	86541	35460
3547	86559	35433
3548	86578	35407
3549	86595	35379
3550	86614	35353
3551	86633	35326
3552	86652	35300
3553	86670	35273
3554	86688	35246
3555	86705	35218
3556	86723	35191
3557	86741	35164
3558	86759	35137
3559	86777	35111
3560	86796	35084
3561	86814	35057
3562	86832	35030
3563	86851	35003
3564	86869	34976
3565	86887	34950
3566	86905	34923
3567	86925	34897
3568	86965	34878
3569	86995	34856
3570	87017	34831
3571	87041	34806
3572	87062	34781
3573	87082	34755
3574	87103	34729
3575	87124	34703
3576	87144	34677
3577	87164	34651
3578	87185	34625
3579	87203	34598
3580	87223	34572
3581	87241	34545
3582	87259	34518
3583	87278	34492
3584	87294	34464
3585	87312	34437
3586	87329	34410
3587	87346	34383
3588	87365	34356
3589	87383	34330
3590	87402	34303
3591	87419	34276
3592	87437	34249
3593	87455	34222
3594	87473	34196
3595	87492	34169
3596	87510	34142
3597	87528	34115
3598	87547	34089
3599	87566	34062
3600	87584	34036
3601	87603	34009
3602	87622	33983
3603	87640	33956
3604	87659	33930
3605	87677	33903
3606	87695	33876
3607	87713	33849
3608	87731	33823
3609	87748	33796
3610	87766	33769
3611	87787	33743
3612	87805	33717
3613	87822	33690
3614	87841	33663
3615	87858	33636
3616	87877	33610
3617	87896	33583
3618	87913	33556
3619	87934	33531
3620	87953	33504
3621	87971	33478
3622	87989	33451
3623	88008	33425
3624	88026	33398
3625	88044	33371
3626	88062	33345
3627	88079	33318
3628	88097	33291
3629	88115	33264
3630	88134	33238
3631	88152	33212
3632	88172	33186
3633	88190	33159
3634	88216	33135
3635	88235	33109
3636	88254	33083
3637	88272	33056
3638	88290	33029
3639	88308	33003
3640	88327	32977
3641	88346	32950
3642	88364	32924
3643	88382	32897
3644	88400	32871
3645	88419	32844
3646	88437	32818
3647	88456	32792
3648	88475	32766
3649	88496	32740
3650	88515	32714
3651	88534	32688
3652	88553	32661
3653	88572	32635
3654	88591	32609
3655	88612	32584
3656	88632	32558
3657	88652	32532
3658	88671	32506
3659	88691	32480
3660	88712	32455
3661	88732	32429
3662	88751	32403
3663	88771	32377
3664	88788	32350
3665	88807	32324
3666	88825	32297
3667	88845	32272
3668	88863	32245
3669	88881	32219
3670	88901	32193
3671	88919	32166
3672	88937	32140
3673	88957	32114
3674	88975	32088
3675	88993	32061
3676	89012	32035
3677	89029	32009
3678	89047	31982
3679	89066	31956
3680	89086	31930
3681	89104	31904
3682	89122	31878
3683	89142	31852
3684	89161	31826
3685	89179	31799
3686	89200	31774
3687	89220	31748
3688	89237	31722
3689	89255	31695
3690	89274	31669
3691	89291	31642
3692	89311	31617
3693	89330	31591
3694	89348	31564
3695	89366	31538
3696	89383	31511
3697	89401	31485
3698	89421	31459
3699	89439	31433
3700	89459	31407
3701	89477	31381
3702	89495	31354
3703	89513	31328
3704	89531	31302
3705	89550	31276
3706	89568	31249
3707	89586	31223
3708	89605	31197
3709	89626	31172
3710	89646	31146
3711	89666	31121
3712	89688	31096
3713	89708	31070
3714	89727	31044
3715	89751	31020
3716	89772	30995
3717	89797	30971
3718	89824	30948
3719	89851	30925
3720	89876	30901
3721	89903	30877
3722	89923	30852
3723	89943	30826
3724	89964	30801
3725	89984	30775
3726	90004	30750
3727	90026	30725
3728	90051	30701
3729	90074	30676
3730	90094	30651
3731	90117	30626
3732	90137	30601
3733	90156	30575
3734	90174	30549
3735	90195	30523
3736	90214	30498
3737	90235	30472
3738	90254	30446
3739	90273	30421
3740	90293	30395
3741	90312	30369
3742	90331	30343
3743	90350	30317
3744	90368	30291
3745	90387	30265
3746	90405	30239
3747	90423	30213
3748	90441	30187
3749	90459	30161
3750	90478	30135
3751	90498	30110
3752	90519	30084
3753	90538	30058
3754	90556	30032
3755	90577	30007
3756	90595	29981
3757	90616	29956
3758	90636	29930
3759	90655	29904
3760	90674	29879
3761	90692	29853
3762	90712	29827
3763	90732	29802
3764	90753	29776
3765	90772	29751
3766	90791	29725
3767	90811	29700
3768	90836	29676
3769	90862	29652
3770	90885	29628
3771	90905	29602
3772	90925	29577
3773	90954	29554
3774	90984	29532
3775	91002	29506
3776	91026	29482
3777	91047	29457
3778	91067	29431
3779	91086	29406
3780	91104	29380
3781	91125	29354
3782	91143	29328
3783	91160	29302
3784	91180	29276
3785	91198	29251
3786	91217	29225
3787	91237	29199
3788	91255	29173
3789	91272	29147
3790	91291	29121
3791	91309	29095
3792	91328	29070
3793	91347	29044
3794	91366	29018
3795	91383	28992
3796	91402	28966
3797	91420	28940
3798	91439	28915
3799	91461	28890
3800	91482	28865
3801	91500	28839
3802	91518	28813
3803	91536	28787
3804	91554	28761
3805	91573	28735
3806	91595	28710
3807	91613	28684
3808	91631	28658
3809	91650	28633
3810	91669	28607
3811	91688	28581
3812	91706	28556
3813	91726	28530
3814	91744	28504
3815	91762	28478
3816	91779	28452
3817	91803	28428
3818	91825	28403
3819	91846	28379
3820	91868	28354
3821	91889	28329
3822	91910	28304
3823	91928	28278
3824	91945	28252
3825	91964	28226
3826	91981	28200
3827	92001	28174
3828	92020	28149
3829	92038	28123
3830	92057	28098
3831	92076	28072
3832	92095	28046
3833	92115	28021
3834	92138	27997
3835	92161	27972
3836	92183	27948
3837	92208	27924
3838	92230	27899
3839	92252	27875
3840	92274	27850
3841	92295	27825
3842	92317	27800
3843	92335	27775
3844	92354	27749
3845	92372	27723
3846	92393	27698
3847	92413	27673
3848	92432	27648
3849	92453	27623
3850	92475	27598
3851	92496	27573
3852	92518	27549
3853	92540	27524
3854	92565	27500
3855	92589	27476
3856	92612	27452
3857	92636	27428
3858	92660	27404
3859	92687	27381
3860	92711	27356
3861	92735	27332
3862	92758	27308
3863	92782	27284
3864	92815	27263
3865	92841	27239
3866	92867	27216
3867	92894	27193
3868	92922	27170
3869	92949	27147
3870	92974	27123
3871	92998	27099
3872	93024	27076
3873	93048	27052
3874	93073	27028
3875	93100	27005
3876	93128	26982
3877	93154	26958
3878	93196	26939
3879	93221	26916
3880	93246	26892
3881	93273	26869
3882	93296	26844
3883	93320	26820
3884	93345	26797
3885	93369	26773
3886	93394	26749
3887	93420	26725
3888	93445	26702
3889	93472	26678
3890	93499	26655
3891	93523	26631
3892	93547	26607
3893	93572	26583
3894	93599	26560
3895	93623	26536
3896	93647	26512
3897	93672	26488
3898	93702	26466
3899	93727	26442
3900	93753	26419
3901	93781	26396
3902	93808	26373
3903	93835	26349
3904	93863	26327
3905	93892	26304
3906	93918	26280
3907	93943	26257
3908	93969	26233
3909	93997	26210
3910	94027	26188
3911	94054	26165
3912	94079	26141
3913	94102	26116
3914	94128	26093
3915	94153	26069
3916	94183	26047
3917	94212	26024
3918	94238	26001
3919	94264	25977
3920	94292	25954
3921	94316	25930
3922	94341	25906
3923	94366	25882
3924	94391	25858
3925	94415	25834
3926	94439	25810
3927	94463	25786
3928	94487	25762
3929	94511	25738
3930	94536	25714
3931	94561	25691
3932	94587	25667
3933	94612	25643
3934	94637	25619
3935	94661	25595
3936	94687	25572
3937	94711	25548
3938	94736	25524
3939	94761	25500
3940	94787	25477
3941	94813	25453
3942	94840	25430
3943	94863	25406
3944	94889	25382
3945	94914	25358
3946	94939	25334
3947	94963	25310
3948	94986	25286
3949	95009	25262
3950	95033	25238
3951	95058	25214
3952	95082	25190
3953	95107	25166
3954	95132	25142
3955	95158	25118
3956	95185	25095
3957	95209	25071
3958	95233	25047
3959	95259	25023
3960	95283	24999
3961	95309	24976
3962	95333	24952
3963	95356	24927
3964	95380	24903
3965	95403	24879
3966	95428	24855
3967	95453	24831
3968	95477	24807
3969	95500	24783
3970	95524	24759
3971	95553	24736
3972	95580	24713
3973	95608	24690
3974	95633	24666
3975	95656	24642
3976	95683	24618
3977	95708	24594
3978	95733	24571
3979	95758	24547
3980	95781	24522
3981	95804	24498
3982	95828	24474
3983	95852	24450
3984	95879	24427
3985	95905	24403
3986	95929	24379
3987	95952	24355
3988	95977	24331
3989	96004	24308
3990	96029	24284
3991	96053	24260
3992	96077	24236
3993	96102	24212
3994	96126	24188
3995	96152	24164
3996	96177	24140
3997	96202	24116
3998	96226	24092
3999	96251	24068
4000	96274	24044
4001	96298	24020
4002	96321	23996
4003	96345	23972
4004	96370	23948
4005	96397	23924
4006	96423	23901
4007	96448	23877
4008	96471	23853
4009	96497	23829
4010	96521	23805
4011	96545	23781
4012	96570	23757
4013	96594	23733
4014	96619	23709
